Entity,Country Code,Year,Homiciderate

Albania,ALB,1990,4.136646
Albania,ALB,1991,3.135623
Albania,ALB,1992,3.9349356
Albania,ALB,1993,5.786633
Albania,ALB,1994,3.400123
Albania,ALB,1995,7.8858495
Albania,ALB,1996,8.314658
Albania,ALB,1997,40.999237
Albania,ALB,1998,20.419683
Albania,ALB,1999,16.582197
Albania,ALB,2000,4.116881
Albania,ALB,2001,6.9761276
Albania,ALB,2002,6.9152064
Albania,ALB,2003,5.3669734
Albania,ALB,2004,4.27738
Albania,ALB,2005,5.078094
Albania,ALB,2006,3.1630955
Albania,ALB,2007,3.5281267
Albania,ALB,2008,3.1507385
Albania,ALB,2009,2.900488
Albania,ALB,2010,4.0845757
Albania,ALB,2011,4.8954477
Albania,ALB,2012,5.4284067
Albania,ALB,2013,4.2950954
Albania,ALB,2014,4.64616
Albania,ALB,2015,2.22031
Albania,ALB,2016,2.7420435
Albania,ALB,2017,2.01434
Albania,ALB,2018,2.294046
Albania,ALB,2019,2.2617478
Albania,ALB,2020,2.127772
Albania,ALB,2021,2.3119686










Australia,AUS,1990,2.1938055
Australia,AUS,1991,1.9686081
Australia,AUS,1992,1.7236933
Australia,AUS,1993,1.888664
Australia,AUS,1994,1.7971971
Australia,AUS,1995,1.9774483
Australia,AUS,1996,1.9437898
Australia,AUS,1997,1.9771594
Australia,AUS,1998,1.795538
Australia,AUS,1999,2.0477753
Australia,AUS,2000,1.9034636
Australia,AUS,2001,1.8027713
Australia,AUS,2002,1.879251
Australia,AUS,2003,1.5330728
Australia,AUS,2004,1.319946
Australia,AUS,2005,1.2839751
Australia,AUS,2006,1.3729398
Australia,AUS,2007,1.2241472
Australia,AUS,2008,1.2283583
Australia,AUS,2009,1.2141697
Australia,AUS,2010,1.049086
Australia,AUS,2011,1.1092706
Australia,AUS,2012,1.0691061
Australia,AUS,2013,1.0600654
Australia,AUS,2014,1.0353829
Australia,AUS,2015,0.99075425
Australia,AUS,2016,0.9381832
Australia,AUS,2017,0.84586084
Australia,AUS,2018,0.88473505
Australia,AUS,2019,0.887323
Australia,AUS,2020,0.86092544
Australia,AUS,2021,0.74456745










Austria,AUT,1990,1.1590459
Austria,AUT,1991,1.3280661
Austria,AUT,1992,1.2371161
Austria,AUT,1993,1.0119822
Austria,AUT,1994,1.1089597
Austria,AUT,1995,0.98146594
Austria,AUT,1996,1.2440248
Austria,AUT,1997,0.8284075
Austria,AUT,1998,0.9654129
Austria,AUT,1999,0.7508093
Austria,AUT,2000,1.0236655
Austria,AUT,2001,0.8706873
Austria,AUT,2002,0.80455583
Austria,AUT,2003,0.6157557
Austria,AUT,2004,0.72204673
Austria,AUT,2005,0.6563726
Austria,AUT,2006,0.7378053
Austria,AUT,2007,0.54251367
Austria,AUT,2008,0.6970206
Austria,AUT,2009,0.61129564
Austria,AUT,2010,0.7294182
Austria,AUT,2011,0.91762805
Austria,AUT,2012,0.96089554
Austria,AUT,2013,0.7193787
Austria,AUT,2014,0.4914542
Austria,AUT,2015,0.5091166
Austria,AUT,2016,0.6180974
Austria,AUT,2017,0.79568094
Austria,AUT,2018,0.9727943
Austria,AUT,2019,0.867123
Austria,AUT,2020,0.72969943
Austria,AUT,2021,0.7285295






















Belarus,BLR,1990,4.8712544
Belarus,BLR,1991,4.44652
Belarus,BLR,1992,5.670153
Belarus,BLR,1993,7.2134075
Belarus,BLR,1994,7.913783
Belarus,BLR,1995,9.176332
Belarus,BLR,1996,9.29434
Belarus,BLR,1997,9.816436
Belarus,BLR,1998,10.002446
Belarus,BLR,1999,9.448712
Belarus,BLR,2000,9.87668
Belarus,BLR,2001,9.498875
Belarus,BLR,2002,9.757891
Belarus,BLR,2007,6.604935
Belarus,BLR,2008,5.639659
Belarus,BLR,2009,4.9909263
Belarus,BLR,2010,4.12067
Belarus,BLR,2011,3.842595
Belarus,BLR,2012,3.5074148
Belarus,BLR,2013,3.4361296
Belarus,BLR,2014,3.5074184
Belarus,BLR,2015,3.3606138
Belarus,BLR,2016,3.1623044
Belarus,BLR,2017,2.4722195
Belarus,BLR,2018,2.3309605
Belarus,BLR,2019,2.3258288








Belgium,BEL,1990,1.0409307
Belgium,BEL,1991,1.023646
Belgium,BEL,1992,1.2075212
Belgium,BEL,1993,1.4407884
Belgium,BEL,1994,1.1917552
Belgium,BEL,1995,1.4066094
Belgium,BEL,1996,1.1853925
Belgium,BEL,1997,1.427886
Belgium,BEL,2000,2.0654027
Belgium,BEL,2001,2.7354062
Belgium,BEL,2002,3.0804682
Belgium,BEL,2021,1.0765264





Bosnia and Herzegovina,BIH,1990,1.6242758
Bosnia and Herzegovina,BIH,2000,2.3687894
Bosnia and Herzegovina,BIH,2001,1.9547397
Bosnia and Herzegovina,BIH,2002,2.1436687
Bosnia and Herzegovina,BIH,2004,1.6413782
Bosnia and Herzegovina,BIH,2007,1.6467577
Bosnia and Herzegovina,BIH,2008,1.6736863
Bosnia and Herzegovina,BIH,2009,1.8309587
Bosnia and Herzegovina,BIH,2010,1.4693967
Bosnia and Herzegovina,BIH,2011,1.362492
Bosnia and Herzegovina,BIH,2012,1.7145778
Bosnia and Herzegovina,BIH,2013,1.2715758
Bosnia and Herzegovina,BIH,2014,1.4001416
Bosnia and Herzegovina,BIH,2015,1.6173314
Bosnia and Herzegovina,BIH,2016,1.2927371
Bosnia and Herzegovina,BIH,2017,1.2209207
Bosnia and Herzegovina,BIH,2018,1.1470153
Bosnia and Herzegovina,BIH,2019,1.2497354
Bosnia and Herzegovina,BIH,2020,1.2958022
Bosnia and Herzegovina,BIH,2021,0.9783111




Brazil,BRA,1990,19.442558
Brazil,BRA,1991,18.357327
Brazil,BRA,1992,16.656002
Brazil,BRA,1993,17.680256
Brazil,BRA,1994,18.543499
Brazil,BRA,1995,20.793213
Brazil,BRA,1996,23.424883
Brazil,BRA,1997,24.0331
Brazil,BRA,1998,24.526455
Brazil,BRA,1999,24.73625
Brazil,BRA,2000,25.79976
Brazil,BRA,2001,26.90898
Brazil,BRA,2002,27.543724
Brazil,BRA,2003,27.960468
Brazil,BRA,2004,26.19828
Brazil,BRA,2005,25.478415
Brazil,BRA,2006,26.037931
Brazil,BRA,2007,25.018942
Brazil,BRA,2008,26.020863
Brazil,BRA,2009,26.455711
Brazil,BRA,2010,26.630033
Brazil,BRA,2011,26.355639
Brazil,BRA,2012,28.197144
Brazil,BRA,2013,28.179903
Brazil,BRA,2014,29.358646
Brazil,BRA,2015,28.356405
Brazil,BRA,2016,29.589155
Brazil,BRA,2017,30.593037
Brazil,BRA,2018,26.636013
Brazil,BRA,2019,20.810465
Brazil,BRA,2020,22.384066








Bulgaria,BGR,1990,2.5890255
Bulgaria,BGR,1991,4.29964
Bulgaria,BGR,1992,5.329617
Bulgaria,BGR,1993,5.690042
Bulgaria,BGR,1994,5.755419
Bulgaria,BGR,1995,5.827135
Bulgaria,BGR,1996,5.213432
Bulgaria,BGR,1997,4.784249
Bulgaria,BGR,1998,4.6266346
Bulgaria,BGR,1999,4.006223
Bulgaria,BGR,2000,4.099934
Bulgaria,BGR,2001,3.833296
Bulgaria,BGR,2002,3.1975684
Bulgaria,BGR,2003,3.1195772
Bulgaria,BGR,2004,3.1022274
Bulgaria,BGR,2005,2.546313
Bulgaria,BGR,2006,2.3950443
Bulgaria,BGR,2007,2.2930326
Bulgaria,BGR,2008,2.2410676
Bulgaria,BGR,2009,1.9647046
Bulgaria,BGR,2010,1.9493505
Bulgaria,BGR,2011,1.6969084
Bulgaria,BGR,2012,1.8829263
Bulgaria,BGR,2013,1.4667951
Bulgaria,BGR,2014,1.5192329
Bulgaria,BGR,2015,1.7238423
Bulgaria,BGR,2016,1.0902605
Bulgaria,BGR,2017,1.4340553
Bulgaria,BGR,2018,1.2926013
Bulgaria,BGR,2019,1.1768823
Bulgaria,BGR,2020,0.9886556
Bulgaria,BGR,2021,1.2779799





Canada,CAN,1990,2.3755112
Canada,CAN,1991,2.6913424
Canada,CAN,1992,2.5857532
Canada,CAN,1993,2.1836066
Canada,CAN,1994,2.0565064
Canada,CAN,1995,2.0041366
Canada,CAN,1996,2.142337
Canada,CAN,1997,1.9609975
Canada,CAN,1998,1.8543822
Canada,CAN,1999,1.7730393
Canada,CAN,2000,1.7794689
Canada,CAN,2001,1.7869376
Canada,CAN,2002,1.8580953
Canada,CAN,2003,1.736273
Canada,CAN,2004,1.9585313
Canada,CAN,2005,2.061093
Canada,CAN,2006,1.8689367
Canada,CAN,2007,1.8166627
Canada,CAN,2008,1.8483654
Canada,CAN,2009,1.815805
Canada,CAN,2010,1.6400001
Canada,CAN,2011,1.774293
Canada,CAN,2012,1.582503
Canada,CAN,2013,1.4516441
Canada,CAN,2014,1.4828578
Canada,CAN,2015,1.7099458
Canada,CAN,2016,1.7057317
Canada,CAN,2017,1.8192091
Canada,CAN,2018,1.7874861
Canada,CAN,2019,1.8362274
Canada,CAN,2020,2.0032356
Canada,CAN,2021,2.0652595






Chile,CHL,2003,3.2347336
Chile,CHL,2005,3.5609825
Chile,CHL,2006,3.6119704
Chile,CHL,2007,3.734343
Chile,CHL,2008,3.529102
Chile,CHL,2009,3.742549
Chile,CHL,2010,3.181574
Chile,CHL,2011,3.7033644
Chile,CHL,2012,2.5026278
Chile,CHL,2013,3.175342
Chile,CHL,2014,2.4763799
Chile,CHL,2015,2.3446956
Chile,CHL,2016,3.428468
Chile,CHL,2017,4.240938
Chile,CHL,2018,4.4114227
Chile,CHL,2019,3.9444344
Chile,CHL,2020,4.797849
Chile,CHL,2021,3.6320386





China,CHN,1995,2.2457106
China,CHN,1996,2.0687962
China,CHN,1997,2.1061537
China,CHN,2002,2.0513282
China,CHN,2003,1.8925831
China,CHN,2004,1.9055121
China,CHN,2005,1.5917081
China,CHN,2006,1.3687598
China,CHN,2007,1.2197381
China,CHN,2008,1.1134691
China,CHN,2009,1.0952669
China,CHN,2010,0.9946659
China,CHN,2011,0.8853467
China,CHN,2012,0.82586884
China,CHN,2013,0.77319944
China,CHN,2014,0.72791475
China,CHN,2015,0.66010606
China,CHN,2016,0.615883
China,CHN,2017,0.5665558
China,CHN,2018,0.53102547
China,CHN,2019,0.5189666
China,CHN,2020,0.50227034





Colombia,COL,1990,74.628716
Colombia,COL,1991,85.42758
Colombia,COL,1992,83.043015
Colombia,COL,1993,82.16443
Colombia,COL,1994,76.72092
Colombia,COL,1995,62.054317
Colombia,COL,1996,63.741085
Colombia,COL,1997,62.211826
Colombia,COL,1998,60.849537
Colombia,COL,1999,63.12033
Colombia,COL,2000,67.6754
Colombia,COL,2001,69.88325
Colombia,COL,2002,70.170975
Colombia,COL,2003,57.29256
Colombia,COL,2004,48.525425
Colombia,COL,2005,42.895775
Colombia,COL,2006,40.86465
Colombia,COL,2007,39.712208
Colombia,COL,2008,36.836437
Colombia,COL,2009,35.693077
Colombia,COL,2010,34.494293
Colombia,COL,2011,35.59345
Colombia,COL,2012,35.90898
Colombia,COL,2013,33.35357
Colombia,COL,2014,28.585234
Colombia,COL,2015,27.128765
Colombia,COL,2016,26.040422
Colombia,COL,2017,25.434488
Colombia,COL,2018,26.231325
Colombia,COL,2019,25.753473
Colombia,COL,2020,24.242764
Colombia,COL,2021,27.484365






Costa Rica,CRI,1990,4.4011664
Costa Rica,CRI,1991,4.0748105
Costa Rica,CRI,1992,4.8164635
Costa Rica,CRI,1993,4.6984587
Costa Rica,CRI,1994,5.216167
Costa Rica,CRI,1995,5.1499414
Costa Rica,CRI,1996,5.1692533
Costa Rica,CRI,1997,5.615842
Costa Rica,CRI,1998,5.861693
Costa Rica,CRI,1999,6.279749
Costa Rica,CRI,2000,6.257551
Costa Rica,CRI,2001,6.340634
Costa Rica,CRI,2002,6.2581515
Costa Rica,CRI,2003,7.1622796
Costa Rica,CRI,2004,6.5838985
Costa Rica,CRI,2005,7.7620196
Costa Rica,CRI,2006,8.017045
Costa Rica,CRI,2007,8.310775
Costa Rica,CRI,2008,11.372923
Costa Rica,CRI,2009,11.505267
Costa Rica,CRI,2010,11.40137
Costa Rica,CRI,2011,10.128365
Costa Rica,CRI,2012,8.592673
Costa Rica,CRI,2013,8.577627
Costa Rica,CRI,2014,9.846647
Costa Rica,CRI,2015,11.378396
Costa Rica,CRI,2016,11.688089
Costa Rica,CRI,2017,12.074873
Costa Rica,CRI,2018,11.605453
Costa Rica,CRI,2019,11.0728
Costa Rica,CRI,2020,11.126065
Costa Rica,CRI,2021,11.40871







Croatia,HRV,1990,2.8110023
Croatia,HRV,1991,9.020497
Croatia,HRV,1992,8.065321
Croatia,HRV,1993,4.5488667
Croatia,HRV,1994,2.9671586
Croatia,HRV,1995,3.4532254
Croatia,HRV,1996,2.5637639
Croatia,HRV,1997,2.504578
Croatia,HRV,1998,2.2532516
Croatia,HRV,1999,2.4102511
Croatia,HRV,2000,2.2205446
Croatia,HRV,2001,1.7973005
Croatia,HRV,2002,1.6284217
Croatia,HRV,2003,1.5466903
Croatia,HRV,2004,1.86796
Croatia,HRV,2005,1.535099
Croatia,HRV,2006,1.6751331
Croatia,HRV,2007,1.4073216
Croatia,HRV,2008,1.6159633
Croatia,HRV,2009,1.1181778
Croatia,HRV,2010,1.4191923
Croatia,HRV,2011,1.1259601
Croatia,HRV,2012,1.1773956
Croatia,HRV,2013,1.0675694
Croatia,HRV,2014,0.8403416
Croatia,HRV,2015,0.86960304
Croatia,HRV,2016,1.041728
Croatia,HRV,2017,1.0972061
Croatia,HRV,2018,0.57685584
Croatia,HRV,2019,0.79907954
Croatia,HRV,2020,0.97635525
Croatia,HRV,2021,0.81278074



Cyprus,CYP,1990,0.6341154
Cyprus,CYP,1991,0.12514697
Cyprus,CYP,1992,0.24678227
Cyprus,CYP,1993,0.6053375
Cyprus,CYP,1994,0.8289478
Cyprus,CYP,1995,1.043578
Cyprus,CYP,1996,1.136288
Cyprus,CYP,1997,0.66854566
Cyprus,CYP,1998,0.7653117
Cyprus,CYP,1999,1.0734221
Cyprus,CYP,2000,0.8436705
Cyprus,CYP,2001,0.72551644
Cyprus,CYP,2002,0.20362565
Cyprus,CYP,2004,1.5706531
Cyprus,CYP,2005,1.9285259
Cyprus,CYP,2006,1.4212109
Cyprus,CYP,2007,1.2105714
Cyprus,CYP,2008,0.82388157
Cyprus,CYP,2009,1.710211
Cyprus,CYP,2010,0.7081617
Cyprus,CYP,2011,0.7859672
Cyprus,CYP,2012,1.9021984
Cyprus,CYP,2013,1.0283054
Cyprus,CYP,2014,0.9345834
Cyprus,CYP,2015,1.263392
Cyprus,CYP,2016,1.0852493
Cyprus,CYP,2017,0.5792194
Cyprus,CYP,2018,1.2306874
Cyprus,CYP,2019,1.2206669
Cyprus,CYP,2020,1.212085
Cyprus,CYP,2021,1.2859793





Czechia,CZE,1994,2.0055609
Czechia,CZE,1995,1.7067988
Czechia,CZE,1996,1.6803211
Czechia,CZE,1997,1.8192352
Czechia,CZE,1998,1.6952732
Czechia,CZE,1999,1.6781884
Czechia,CZE,2000,1.8661984
Czechia,CZE,2001,1.3196125
Czechia,CZE,2002,1.3576645
Czechia,CZE,2003,1.5905484
Czechia,CZE,2004,1.3059157
Czechia,CZE,2005,1.0505722
Czechia,CZE,2006,1.2615461
Czechia,CZE,2007,1.2188246
Czechia,CZE,2008,1.0984159
Czechia,CZE,2009,0.90198064
Czechia,CZE,2010,0.98425674
Czechia,CZE,2011,0.8193302
Czechia,CZE,2012,0.9989473
Czechia,CZE,2013,0.85595655
Czechia,CZE,2014,0.7701683
Czechia,CZE,2015,0.83620006
Czechia,CZE,2016,0.6174252
Czechia,CZE,2017,0.62670296
Czechia,CZE,2019,0.9205769
Czechia,CZE,2020,0.73117787
Czechia,CZE,2021,0.44716123







Denmark,DNK,1990,0.7969485
Denmark,DNK,1991,1.3182573
Denmark,DNK,1992,1.1979591
Denmark,DNK,1993,1.367021
Denmark,DNK,1994,1.4384903
Denmark,DNK,1995,1.1269873
Denmark,DNK,1996,1.2937577
Denmark,DNK,1997,1.6674936
Denmark,DNK,1998,0.9247042
Denmark,DNK,1999,0.97747046
Denmark,DNK,2000,1.0860091
Denmark,DNK,2001,0.9700138
Denmark,DNK,2002,0.89240944
Denmark,DNK,2010,0.7566411
Denmark,DNK,2011,0.8249618
Denmark,DNK,2012,0.83914196
Denmark,DNK,2013,0.853275
Denmark,DNK,2014,1.3095833
Denmark,DNK,2015,1.0919731
Denmark,DNK,2016,0.9812757
Denmark,DNK,2017,1.2375193
Denmark,DNK,2018,1.005777
Denmark,DNK,2019,1.1387403
Denmark,DNK,2020,0.9441021
Denmark,DNK,2021,0.80283684






Dominican Republic,DOM,1991,12.4752655
Dominican Republic,DOM,1992,10.865263
Dominican Republic,DOM,1993,12.275487
Dominican Republic,DOM,1994,13.011504
Dominican Republic,DOM,1995,12.795827
Dominican Republic,DOM,1996,12.880175
Dominican Republic,DOM,1997,12.736077
Dominican Republic,DOM,1998,13.535172
Dominican Republic,DOM,1999,12.673316
Dominican Republic,DOM,2000,14.167305
Dominican Republic,DOM,2001,12.631157
Dominican Republic,DOM,2002,14.542187
Dominican Republic,DOM,2003,21.323223
Dominican Republic,DOM,2004,24.759134
Dominican Republic,DOM,2005,26.121775
Dominican Republic,DOM,2006,23.093077
Dominican Republic,DOM,2007,22.452177
Dominican Republic,DOM,2008,25.139275
Dominican Republic,DOM,2009,24.616344
Dominican Republic,DOM,2010,25.307508
Dominican Republic,DOM,2011,25.37426
Dominican Republic,DOM,2012,22.610174
Dominican Republic,DOM,2013,19.474157
Dominican Republic,DOM,2014,17.603382
Dominican Republic,DOM,2016,15.35014
Dominican Republic,DOM,2017,11.420795
Dominican Republic,DOM,2018,9.920551
Dominican Republic,DOM,2019,9.428515
Dominican Republic,DOM,2020,8.73663
Dominican Republic,DOM,2021,10.541584






Ecuador,ECU,1990,8.536018
Ecuador,ECU,1991,10.789536
Ecuador,ECU,1992,8.566804
Ecuador,ECU,1993,8.317742
Ecuador,ECU,1994,10.037319
Ecuador,ECU,1995,11.867914
Ecuador,ECU,1996,12.421422
Ecuador,ECU,1997,10.982498
Ecuador,ECU,1998,13.46585
Ecuador,ECU,1999,13.551352
Ecuador,ECU,2000,14.517079
Ecuador,ECU,2001,12.907223
Ecuador,ECU,2002,14.582335
Ecuador,ECU,2007,15.948823
Ecuador,ECU,2008,17.983282
Ecuador,ECU,2009,17.805342
Ecuador,ECU,2010,17.505487
Ecuador,ECU,2011,15.376308
Ecuador,ECU,2012,12.412907
Ecuador,ECU,2013,10.971196
Ecuador,ECU,2014,8.209052
Ecuador,ECU,2015,6.4831214
Ecuador,ECU,2016,5.8334804
Ecuador,ECU,2017,5.8094463
Ecuador,ECU,2018,5.841674
Ecuador,ECU,2019,6.843968
Ecuador,ECU,2020,7.800509
Ecuador,ECU,2021,14.024255







Egypt,EGY,1990,0.47015947
Egypt,EGY,1991,0.49137506
Egypt,EGY,1992,0.46008325
Egypt,EGY,1993,0.39750937
Egypt,EGY,1994,0.36797592
Egypt,EGY,2003,0.62003607
Egypt,EGY,2004,0.41536367
Egypt,EGY,2005,0.6601302
Egypt,EGY,2006,0.6808908
Egypt,EGY,2007,0.8270619
Egypt,EGY,2008,1.1533216
Egypt,EGY,2009,1.0666534
Egypt,EGY,2010,2.1076782
Egypt,EGY,2011,3.0302672
Egypt,EGY,2012,2.4188852
Egypt,EGY,2014,3.0232553
Egypt,EGY,2015,1.750853
Egypt,EGY,2016,1.5353159
Egypt,EGY,2017,1.3360921






El Salvador,SLV,1994,134.77866
El Salvador,SLV,1995,138.77399
El Salvador,SLV,1996,117.16123
El Salvador,SLV,1997,112.50055
El Salvador,SLV,1998,94.88397
El Salvador,SLV,1999,64.90709
El Salvador,SLV,2000,59.595715
El Salvador,SLV,2001,59.95229
El Salvador,SLV,2002,47.161377
El Salvador,SLV,2003,55.684162
El Salvador,SLV,2004,64.56631
El Salvador,SLV,2005,64.29476
El Salvador,SLV,2006,65.07651
El Salvador,SLV,2007,57.85778
El Salvador,SLV,2008,52.38873
El Salvador,SLV,2009,71.939995
El Salvador,SLV,2010,65.210625
El Salvador,SLV,2011,71.21968
El Salvador,SLV,2012,42.10158
El Salvador,SLV,2013,40.62634
El Salvador,SLV,2014,63.144913
El Salvador,SLV,2015,106.8196
El Salvador,SLV,2016,84.40911
El Salvador,SLV,2017,63.223526
El Salvador,SLV,2018,53.311302
El Salvador,SLV,2019,38.183395
El Salvador,SLV,2020,21.310303
El Salvador,SLV,2021,18.165499






Estonia,EST,1990,7.512698
Estonia,EST,1991,7.6007886
Estonia,EST,1992,14.0874195
Estonia,EST,1993,18.744572
Estonia,EST,1994,20.464489
Estonia,EST,1995,16.933111
Estonia,EST,1996,14.916322
Estonia,EST,1997,12.522072
Estonia,EST,1998,13.889416
Estonia,EST,1999,11.186332
Estonia,EST,2000,10.237125
Estonia,EST,2001,9.870357
Estonia,EST,2002,10.295525
Estonia,EST,2007,7.161109
Estonia,EST,2008,6.432258
Estonia,EST,2009,5.245208
Estonia,EST,2010,5.2570906
Estonia,EST,2011,4.8966837
Estonia,EST,2012,4.7630496
Estonia,EST,2013,3.9454272
Estonia,EST,2014,3.118995
Estonia,EST,2015,3.4229474
Estonia,EST,2016,2.5077407
Estonia,EST,2017,2.2010574
Estonia,EST,2018,2.1177669
Estonia,EST,2019,1.9592499
Estonia,EST,2020,3.1592155
Estonia,EST,2021,1.9567984













Finland,FIN,1990,3.0482028
Finland,FIN,1991,3.0714896
Finland,FIN,1992,3.093936
Finland,FIN,1993,2.5658207
Finland,FIN,1994,2.8888726
Finland,FIN,1995,2.8582935
Finland,FIN,1996,2.98553
Finland,FIN,1997,2.7043104
Finland,FIN,1998,2.1926656
Finland,FIN,1999,2.7683718
Finland,FIN,2000,2.8592353
Finland,FIN,2001,3.0069377
Finland,FIN,2002,2.5381708
Finland,FIN,2003,1.9758338
Finland,FIN,2004,2.8308342
Finland,FIN,2005,2.2683642
Finland,FIN,2006,2.2596722
Finland,FIN,2007,2.4391677
Finland,FIN,2008,2.5031288
Finland,FIN,2009,2.2476897
Finland,FIN,2010,2.2001498
Finland,FIN,2011,2.041511
Finland,FIN,2012,1.6439292
Finland,FIN,2013,1.6363689
Finland,FIN,2014,1.6112968
Finland,FIN,2015,1.4964975
Finland,FIN,2016,1.3466251
Finland,FIN,2017,1.2163817
Finland,FIN,2018,1.5592532
Finland,FIN,2019,1.466983
Finland,FIN,2020,1.645728







France,FRA,1990,2.401933
France,FRA,1991,2.392082
France,FRA,1992,2.360015
France,FRA,1993,2.6624026
France,FRA,1994,2.4567506
France,FRA,1995,2.3267012
France,FRA,1996,2.0321684
France,FRA,1997,1.6649561
France,FRA,1998,1.6546046
France,FRA,1999,1.6331859
France,FRA,2000,1.7915143
France,FRA,2001,1.774132
France,FRA,2002,1.8847018
France,FRA,2003,1.652484
France,FRA,2004,1.6470233
France,FRA,2005,1.6129544
France,FRA,2006,1.442896
France,FRA,2007,1.6191262
France,FRA,2008,1.654218
France,FRA,2009,1.318983
France,FRA,2010,1.2747306
France,FRA,2011,1.3635943
France,FRA,2012,1.2430353
France,FRA,2013,1.2268063
France,FRA,2014,1.2455084
France,FRA,2015,1.5859641
France,FRA,2016,1.2173907
France,FRA,2017,1.106883
France,FRA,2018,1.0827998
France,FRA,2019,1.1692591
France,FRA,2020,1.0732001
France,FRA,2021,1.13743





Georgia,GEO,1990,5.0077567
Georgia,GEO,1991,7.872824
Georgia,GEO,1992,14.696543
Georgia,GEO,1993,17.123318
Georgia,GEO,1994,11.564827
Georgia,GEO,1995,8.016112
Georgia,GEO,1996,5.6707535
Georgia,GEO,1997,6.142199
Georgia,GEO,1998,5.378004
Georgia,GEO,1999,5.5523944
Georgia,GEO,2000,5.6035256
Georgia,GEO,2001,6.345788
Georgia,GEO,2002,7.1901217
Georgia,GEO,2004,7.470807
Georgia,GEO,2005,10.173732
Georgia,GEO,2006,8.21075
Georgia,GEO,2007,8.447523
Georgia,GEO,2008,6.7788773
Georgia,GEO,2009,5.447189
Georgia,GEO,2010,4.8738136
Georgia,GEO,2016,1.0341783
Georgia,GEO,2017,2.4125772
Georgia,GEO,2018,2.3592877
Georgia,GEO,2019,2.0420012








Germany,DEU,1990,1.1729844
Germany,DEU,1991,1.4122455
Germany,DEU,1992,1.4437997
Germany,DEU,1993,1.6730069
Germany,DEU,1994,2.4096794
Germany,DEU,1995,2.5048301
Germany,DEU,1996,2.3652885
Germany,DEU,1997,2.2103224
Germany,DEU,1998,1.9650563
Germany,DEU,1999,1.6258575
Germany,DEU,2000,1.6725591
Germany,DEU,2001,1.4488208
Germany,DEU,2002,1.4390358
Germany,DEU,2003,1.3485471
Germany,DEU,2004,1.3683347
Germany,DEU,2005,1.2855216
Germany,DEU,2006,1.2170813
Germany,DEU,2007,1.0938139
Germany,DEU,2008,1.0231787
Germany,DEU,2009,0.9881786
Germany,DEU,2010,0.97509885
Germany,DEU,2011,0.9063736
Germany,DEU,2012,0.8081371
Germany,DEU,2013,0.8349597
Germany,DEU,2014,0.87467664
Germany,DEU,2015,0.8309653
Germany,DEU,2016,1.1696628
Germany,DEU,2017,0.9839711
Germany,DEU,2018,0.9505807
Germany,DEU,2019,0.7492651
Germany,DEU,2020,0.93844897
Germany,DEU,2021,0.83324784








Greece,GRC,1990,1.0094877
Greece,GRC,1991,1.3280025
Greece,GRC,1992,1.307453
Greece,GRC,1993,1.4199919
Greece,GRC,1994,1.2491293
Greece,GRC,1995,1.4075413
Greece,GRC,1996,1.5642636
Greece,GRC,1997,1.8666197
Greece,GRC,1998,1.6088524
Greece,GRC,1999,1.4098777
Greece,GRC,2001,1.1921769
Greece,GRC,2002,0.8471051
Greece,GRC,2004,0.9986423
Greece,GRC,2005,1.1877502
Greece,GRC,2006,0.99044734
Greece,GRC,2007,1.1720695
Greece,GRC,2008,1.3003874
Greece,GRC,2009,1.3748817
Greece,GRC,2010,1.5951011
Greece,GRC,2011,1.6720091
Greece,GRC,2012,1.5140965
Greece,GRC,2013,1.4018042
Greece,GRC,2014,0.9849978
Greece,GRC,2015,0.86058193
Greece,GRC,2016,0.7814141
Greece,GRC,2017,0.8043225
Greece,GRC,2018,0.93104
Greece,GRC,2019,0.7376567
Greece,GRC,2020,0.7419928
Greece,GRC,2021,0.85205257















Honduras,HND,1990,9.806251
Honduras,HND,1991,13.542591
Honduras,HND,1992,17.86991
Honduras,HND,1993,22.78623
Honduras,HND,1994,29.762339
Honduras,HND,1995,26.389893
Honduras,HND,1999,39.568558
Honduras,HND,2000,47.71115
Honduras,HND,2001,51.0101
Honduras,HND,2002,51.610367
Honduras,HND,2003,56.554672
Honduras,HND,2004,49.286194
Honduras,HND,2005,42.460865
Honduras,HND,2006,40.25719
Honduras,HND,2007,45.277523
Honduras,HND,2008,54.987938
Honduras,HND,2009,63.7889
Honduras,HND,2010,73.79067
Honduras,HND,2011,82.38905
Honduras,HND,2012,81.570755
Honduras,HND,2013,71.769295
Honduras,HND,2014,64.53877
Honduras,HND,2015,55.38756
Honduras,HND,2016,54.435158
Honduras,HND,2017,40.13777
Honduras,HND,2018,37.874573
Honduras,HND,2019,40.94859
Honduras,HND,2020,35.695362
Honduras,HND,2021,38.245457








Hungary,HUN,1990,1.9371647
Hungary,HUN,1991,2.9591084
Hungary,HUN,1992,2.9411592
Hungary,HUN,1993,2.8771644
Hungary,HUN,1994,3.026367
Hungary,HUN,1995,2.8662257
Hungary,HUN,1996,2.6289577
Hungary,HUN,1997,2.8095841
Hungary,HUN,1998,2.8164988
Hungary,HUN,1999,2.4730563
Hungary,HUN,2000,2.0093992
Hungary,HUN,2001,2.4955897
Hungary,HUN,2002,2.000315
Hungary,HUN,2003,2.253396
Hungary,HUN,2004,2.070436
Hungary,HUN,2005,1.6280298
Hungary,HUN,2006,1.7301275
Hungary,HUN,2007,1.5336856
Hungary,HUN,2008,1.8057547
Hungary,HUN,2009,1.3888085
Hungary,HUN,2010,1.3818206
Hungary,HUN,2011,1.4568114
Hungary,HUN,2012,1.249732
Hungary,HUN,2013,1.5563983
Hungary,HUN,2014,1.4795446
Hungary,HUN,2015,2.2449663
Hungary,HUN,2016,2.0580525
Hungary,HUN,2017,1.6344975
Hungary,HUN,2018,0.87967324
Hungary,HUN,2019,0.65494615
Hungary,HUN,2020,0.8204647
Hungary,HUN,2021,0.7724166






Iceland,ISL,1994,0
Iceland,ISL,1995,0
Iceland,ISL,1996,0.37155867
Iceland,ISL,1997,0.7370405
Iceland,ISL,1998,0
Iceland,ISL,1999,0.7203936
Iceland,ISL,2000,1.7764387
Iceland,ISL,2001,0.35058442
Iceland,ISL,2002,1.3898637
Iceland,ISL,2005,1.010004
Iceland,ISL,2006,0
Iceland,ISL,2007,0.6413278
Iceland,ISL,2008,0
Iceland,ISL,2009,0.3136758
Iceland,ISL,2010,0.6282729
Iceland,ISL,2011,0.93957585
Iceland,ISL,2012,0.3115464
Iceland,ISL,2013,0.30861863
Iceland,ISL,2014,0.3052098
Iceland,ISL,2015,0.9061815
Iceland,ISL,2016,0.29790765
Iceland,ISL,2017,0.87302697
Iceland,ISL,2018,0.8499884
Iceland,ISL,2019,0.27718145
Iceland,ISL,2020,1.3636277
Iceland,ISL,2021,0.5400516





India,IND,1990,5.0734553
India,IND,1991,5.46425
India,IND,1992,5.474815
India,IND,1993,5.175898
India,IND,1994,5.020619
India,IND,1995,4.810433
India,IND,1996,4.7709646
India,IND,1997,4.7307525
India,IND,1998,4.825762
India,IND,1999,4.5921187
India,IND,2000,4.5456276
India,IND,2001,4.3022475
India,IND,2002,4.1642046
India,IND,2003,3.967281
India,IND,2004,4.0914764
India,IND,2005,3.9055507
India,IND,2006,3.8350396
India,IND,2007,3.8129203
India,IND,2008,3.8118565
India,IND,2009,3.744892
India,IND,2010,3.744921
India,IND,2011,3.788104
India,IND,2012,3.7252629
India,IND,2013,3.5533159
India,IND,2014,3.6225762
India,IND,2015,3.3543067
India,IND,2016,3.1614263
India,IND,2017,3.0288827
India,IND,2018,2.993784
India,IND,2019,2.926661
India,IND,2020,2.9111555
India,IND,2021,2.9362788




Israel,ISR,1990,3.0604253
Israel,ISR,1991,2.2659166
Israel,ISR,1992,2.933424
Israel,ISR,1993,2.7047775
Israel,ISR,1994,2.6186373
Israel,ISR,1995,2.0442677
Israel,ISR,1996,2.0846345
Israel,ISR,1997,2.7162166
Israel,ISR,1998,2.5044706
Israel,ISR,1999,2.2855854
Israel,ISR,2000,2.5175912
Israel,ISR,2001,3.0939493
Israel,ISR,2002,3.272142
Israel,ISR,2003,2.6405542
Israel,ISR,2004,2.4105568
Israel,ISR,2005,2.517082
Israel,ISR,2006,2.2394361
Israel,ISR,2007,1.9418864
Israel,ISR,2008,1.6962277
Israel,ISR,2009,2.0000827
Israel,ISR,2010,2.046819
Israel,ISR,2011,1.9705757
Israel,ISR,2012,1.6859617
Israel,ISR,2013,1.6436564
Israel,ISR,2014,1.3733737
Israel,ISR,2015,1.3736645
Israel,ISR,2016,1.2746646
Israel,ISR,2017,1.4802767
Israel,ISR,2018,1.3717287
Israel,ISR,2019,1.5334716
Israel,ISR,2020,1.4273497
Israel,ISR,2021,1.9438074








Italy,ITA,1990,3.160868
Italy,ITA,1991,3.412303
Italy,ITA,1992,2.5970743
Italy,ITA,1993,1.8832606
Italy,ITA,1994,1.7034721
Italy,ITA,1995,1.7790239
Italy,ITA,1996,1.6748984
Italy,ITA,1997,1.5335753
Italy,ITA,1998,1.5613272
Italy,ITA,1999,1.4382281
Italy,ITA,2000,1.3446523
Italy,ITA,2001,1.243969
Italy,ITA,2002,1.1276963
Italy,ITA,2005,1.0481122
Italy,ITA,2006,1.0696578
Italy,ITA,2007,1.0735221
Italy,ITA,2008,1.0384264
Italy,ITA,2009,0.99055046
Italy,ITA,2010,0.8842834
Italy,ITA,2011,0.9196023
Italy,ITA,2012,0.8805428
Italy,ITA,2013,0.8323302
Italy,ITA,2014,0.7874304
Italy,ITA,2015,0.77864414
Italy,ITA,2016,0.6720047
Italy,ITA,2017,0.6266246
Italy,ITA,2018,0.5995582
Italy,ITA,2019,0.53073996
Italy,ITA,2020,0.47898695
Italy,ITA,2021,0.51147586





Latvia,LVA,1992,9.726298
Latvia,LVA,1993,14.665265
Latvia,LVA,1994,13.35147
Latvia,LVA,1995,11.205569
Latvia,LVA,1996,10.574965
Latvia,LVA,1997,10.884881
Latvia,LVA,1998,10.152956
Latvia,LVA,1999,9.438043
Latvia,LVA,2000,9.947631
Latvia,LVA,2001,9.282613
Latvia,LVA,2002,9.199775
Latvia,LVA,2012,3.4085884
Latvia,LVA,2013,2.461252
Latvia,LVA,2014,3.1824346
Latvia,LVA,2015,3.3635306
Latvia,LVA,2016,3.496369
Latvia,LVA,2017,4.143514
Latvia,LVA,2018,4.339671
Latvia,LVA,2019,3.391501
Latvia,LVA,2020,3.6899357
Latvia,LVA,2021,3.0417538







Lithuania,LTU,1990,4.7545505
Lithuania,LTU,1991,5.6413393
Lithuania,LTU,1992,7.0078535
Lithuania,LTU,1993,10.980519
Lithuania,LTU,1994,12.332725
Lithuania,LTU,1995,13.396428
Lithuania,LTU,1996,10.881183
Lithuania,LTU,1997,10.582167
Lithuania,LTU,1998,8.484493
Lithuania,LTU,1999,8.503158
Lithuania,LTU,2000,10.278815
Lithuania,LTU,2001,9.915335
Lithuania,LTU,2002,8.33381
Lithuania,LTU,2004,10.021647
Lithuania,LTU,2005,11.027016
Lithuania,LTU,2006,8.667046
Lithuania,LTU,2007,8.46469
Lithuania,LTU,2008,9.242094
Lithuania,LTU,2009,7.9233346
Lithuania,LTU,2010,6.976703
Lithuania,LTU,2011,6.806896
Lithuania,LTU,2012,6.5941076
Lithuania,LTU,2013,6.5385604
Lithuania,LTU,2014,5.3089767
Lithuania,LTU,2015,5.80343
Lithuania,LTU,2016,5.2153044
Lithuania,LTU,2017,3.4429927
Lithuania,LTU,2018,3.1987455
Lithuania,LTU,2019,3.299307
Lithuania,LTU,2020,3.5812218
Lithuania,LTU,2021,2.5837471







Luxembourg,LUX,1994,1.4923759
Luxembourg,LUX,1995,0.4906344
Luxembourg,LUX,1996,0.9680507
Luxembourg,LUX,1997,0.9559967
Luxembourg,LUX,1998,0.94434613
Luxembourg,LUX,1999,1.3974662
Luxembourg,LUX,2000,0.9182146
Luxembourg,LUX,2001,2.0396624
Luxembourg,LUX,2002,1.3455554
Luxembourg,LUX,2003,0.66467047
Luxembourg,LUX,2004,0.43688297
Luxembourg,LUX,2005,0.86047506
Luxembourg,LUX,2006,1.4817841
Luxembourg,LUX,2007,1.458733
Luxembourg,LUX,2008,1.6372122
Luxembourg,LUX,2009,1.0042822
Luxembourg,LUX,2010,1.9721162
Luxembourg,LUX,2011,0.7718938
Luxembourg,LUX,2012,0
Luxembourg,LUX,2013,0.18413985
Luxembourg,LUX,2014,0.71933454
Luxembourg,LUX,2015,0.87810576
Luxembourg,LUX,2016,0.8571169
Luxembourg,LUX,2017,0.3354115
Luxembourg,LUX,2018,0.49349168
Luxembourg,LUX,2019,0.6451894
Luxembourg,LUX,2020,0.4758887
Luxembourg,LUX,2021,0.6256638







Malaysia,MYS,1990,1.7868301
Malaysia,MYS,1991,2.1312654
Malaysia,MYS,1992,1.9755263
Malaysia,MYS,1993,1.8897561
Malaysia,MYS,1994,1.7152743
Malaysia,MYS,1995,1.9665402
Malaysia,MYS,1996,2.1605632
Malaysia,MYS,1997,2.5412748
Malaysia,MYS,1998,2.8839264
Malaysia,MYS,1999,2.6286786
Malaysia,MYS,2000,2.4013789
Malaysia,MYS,2001,2.1960268
Malaysia,MYS,2002,2.3402767
Malaysia,MYS,2003,2.2838054
Malaysia,MYS,2004,1.9618487
Malaysia,MYS,2005,2.329929
Malaysia,MYS,2006,2.21808
Malaysia,MYS,2007,2.406561
Malaysia,MYS,2008,2.1580162
Malaysia,MYS,2009,1.9881488
Malaysia,MYS,2010,1.8803715
Malaysia,MYS,2011,1.8160553
Malaysia,MYS,2012,2.0296552
Malaysia,MYS,2013,2.0806503
Malaysia,MYS,2014,1.666315
Malaysia,MYS,2015,1.6028925
Malaysia,MYS,2016,1.446406
Malaysia,MYS,2017,1.1852711
Malaysia,MYS,2018,0.996936
Malaysia,MYS,2019,0.94500613
Malaysia,MYS,2020,0.76204836
Malaysia,MYS,2021,0.72377706


















Mexico,MEX,1990,17.734856
Mexico,MEX,1991,18.149622
Mexico,MEX,1992,19.523924
Mexico,MEX,1993,18.511583
Mexico,MEX,1994,17.934782
Mexico,MEX,1995,17.352533
Mexico,MEX,1996,15.837478
Mexico,MEX,1997,14.54341
Mexico,MEX,1998,14.410036
Mexico,MEX,1999,12.71503
Mexico,MEX,2000,10.970289
Mexico,MEX,2001,10.347677
Mexico,MEX,2002,9.9963255
Mexico,MEX,2003,9.847764
Mexico,MEX,2004,8.974869
Mexico,MEX,2005,9.408928
Mexico,MEX,2006,9.77857
Mexico,MEX,2007,8.187218
Mexico,MEX,2008,12.769354
Mexico,MEX,2009,17.8326
Mexico,MEX,2010,22.88852
Mexico,MEX,2011,23.839584
Mexico,MEX,2012,22.432549
Mexico,MEX,2013,19.663113
Mexico,MEX,2014,16.849691
Mexico,MEX,2015,17.28008
Mexico,MEX,2016,20.209972
Mexico,MEX,2017,26.114616
Mexico,MEX,2018,29.581371
Mexico,MEX,2019,29.308798
Mexico,MEX,2020,29.185314
Mexico,MEX,2021,28.175653







Moldova,MDA,1990,6.4729276
Moldova,MDA,1991,6.4574633
Moldova,MDA,1992,11.101465
Moldova,MDA,1993,8.612078
Moldova,MDA,1994,8.945886
Moldova,MDA,1995,9.010964
Moldova,MDA,1996,9.028948
Moldova,MDA,1997,9.42239
Moldova,MDA,1998,8.613691
Moldova,MDA,1999,9.084704
Moldova,MDA,2000,10.184465
Moldova,MDA,2001,9.784547
Moldova,MDA,2002,9.668144
Moldova,MDA,2003,7.791925
Moldova,MDA,2004,6.844584
Moldova,MDA,2005,7.3974442
Moldova,MDA,2006,6.6451116
Moldova,MDA,2007,5.5973377
Moldova,MDA,2008,6.1902905
Moldova,MDA,2009,6.560888
Moldova,MDA,2010,7.2046385
Moldova,MDA,2011,6.0081334
Moldova,MDA,2012,6.529443
Moldova,MDA,2013,6.7027063
Moldova,MDA,2014,4.822761
Moldova,MDA,2015,5.7667875
Moldova,MDA,2016,6.201314
Moldova,MDA,2017,4.4332566
Moldova,MDA,2018,5.283533
Moldova,MDA,2019,3.8913121
Moldova,MDA,2020,3.0147362


























Netherlands,NLD,1990,0.90333945
Netherlands,NLD,1991,1.1763468
Netherlands,NLD,1992,1.2738698
Netherlands,NLD,1993,1.2589267
Netherlands,NLD,1994,1.1140443
Netherlands,NLD,1995,1.2494603
Netherlands,NLD,1996,1.3579073
Netherlands,NLD,1997,1.3307823
Netherlands,NLD,1998,1.1194081
Netherlands,NLD,1999,1.2837956
Netherlands,NLD,2000,1.1321371
Netherlands,NLD,2001,1.2639507
Netherlands,NLD,2002,1.2144206
Netherlands,NLD,2003,1.2525128
Netherlands,NLD,2004,1.1793009
Netherlands,NLD,2005,1.0699902
Netherlands,NLD,2006,0.784041
Netherlands,NLD,2007,0.8724176
Netherlands,NLD,2008,0.9112575
Netherlands,NLD,2009,0.93128973
Netherlands,NLD,2010,0.8665763
Netherlands,NLD,2011,0.85621196
Netherlands,NLD,2012,0.86385113
Netherlands,NLD,2013,0.7410766
Netherlands,NLD,2014,0.725489
Netherlands,NLD,2015,0.610289
Netherlands,NLD,2016,0.548921
Netherlands,NLD,2017,0.76712084
Netherlands,NLD,2018,0.5785014
Netherlands,NLD,2019,0.62776226
Netherlands,NLD,2020,0.61372364
Netherlands,NLD,2021,0.65136546













Norway,NOR,1990,1.1080631
Norway,NOR,1991,1.1731894
Norway,NOR,1992,1.0731223
Norway,NOR,1993,0.8812338
Norway,NOR,1994,0.7609403
Norway,NOR,1995,0.96345025
Norway,NOR,1996,0.98139685
Norway,NOR,1997,0.8625908
Norway,NOR,1998,0.8574635
Norway,NOR,1999,0.73955506
Norway,NOR,2000,1.0687563
Norway,NOR,2001,0.81966907
Norway,NOR,2002,1.0135647
Norway,NOR,2004,0.7839248
Norway,NOR,2005,0.71371585
Norway,NOR,2006,0.7079893
Norway,NOR,2007,0.63699996
Norway,NOR,2008,0.71298945
Norway,NOR,2009,0.6005136
Norway,NOR,2010,0.59307843
Norway,NOR,2011,2.2408123
Norway,NOR,2012,0.53794974
Norway,NOR,2013,0.90539265
Norway,NOR,2014,0.56443036
Norway,NOR,2015,0.462396
Norway,NOR,2016,0.51560277
Norway,NOR,2017,0.530565
Norway,NOR,2018,0.47060418
Norway,NOR,2019,0.5235329
Norway,NOR,2020,0.5762254
Norway,NOR,2021,0.5367368














Pakistan,PAK,1990,7.112651
Pakistan,PAK,1996,6.603281
Pakistan,PAK,1997,6.583162
Pakistan,PAK,1998,7.043081
Pakistan,PAK,1999,6.2340317
Pakistan,PAK,2000,5.7692585
Pakistan,PAK,2001,6.025083
Pakistan,PAK,2002,5.7980137
Pakistan,PAK,2003,5.600543
Pakistan,PAK,2004,5.633799
Pakistan,PAK,2005,5.6098423
Pakistan,PAK,2006,5.6427255
Pakistan,PAK,2007,5.8024063
Pakistan,PAK,2008,6.485706
Pakistan,PAK,2009,6.5699496
Pakistan,PAK,2010,6.7830777
Pakistan,PAK,2011,6.978756
Pakistan,PAK,2012,6.847477
Pakistan,PAK,2013,6.78736
Pakistan,PAK,2014,6.37498
Pakistan,PAK,2015,4.496389
Pakistan,PAK,2016,3.9882948
Pakistan,PAK,2017,3.8058107
Pakistan,PAK,2018,3.7504869
Pakistan,PAK,2019,3.6512518
Pakistan,PAK,2020,3.7368493
Pakistan,PAK,2021,3.9787881







Philippines,PHL,1990,15.076618
Philippines,PHL,1991,13.81192
Philippines,PHL,1992,12.848694
Philippines,PHL,1993,11.739725
Philippines,PHL,1994,9.528416
Philippines,PHL,1998,7.9377737
Philippines,PHL,1999,7.479436
Philippines,PHL,2000,7.3565044
Philippines,PHL,2001,7.3493505
Philippines,PHL,2002,8.061701
Philippines,PHL,2007,6.6568875
Philippines,PHL,2008,6.3779197
Philippines,PHL,2009,9.77762
Philippines,PHL,2010,9.134934
Philippines,PHL,2011,8.811692
Philippines,PHL,2012,8.654289
Philippines,PHL,2016,10.636445
Philippines,PHL,2017,7.746033
Philippines,PHL,2018,5.204993
Philippines,PHL,2019,4.315968









Poland,POL,1990,1.7838259
Poland,POL,1991,2.2244124
Poland,POL,1992,2.2403896
Poland,POL,1993,2.3617344
Poland,POL,1994,2.389548
Poland,POL,1995,2.2212398
Poland,POL,1996,2.273354
Poland,POL,1997,2.1017745
Poland,POL,1998,1.977593
Poland,POL,1999,1.9319537
Poland,POL,2000,2.2205236
Poland,POL,2001,2.0070941
Poland,POL,2002,1.8526436
Poland,POL,2008,0.8462503
Poland,POL,2009,1.0037534
Poland,POL,2010,0.9948869
Poland,POL,2011,1.0926741
Poland,POL,2012,1.0588757
Poland,POL,2013,0.79000497
Poland,POL,2014,0.74387264
Poland,POL,2015,0.772959
Poland,POL,2016,0.6747619
Poland,POL,2017,0.74481976
Poland,POL,2018,0.70869595
Poland,POL,2019,0.6572521
Poland,POL,2020,0.692197
Poland,POL,2021,0.71265






Portugal,PRT,1990,1.5475528
Portugal,PRT,1991,1.5226
Portugal,PRT,1992,1.4297107
Portugal,PRT,1993,1.399619
Portugal,PRT,1994,1.4274157
Portugal,PRT,1995,1.0844424
Portugal,PRT,1996,1.0507903
Portugal,PRT,1997,1.1253092
Portugal,PRT,1998,1.2279683
Portugal,PRT,1999,1.0651429
Portugal,PRT,2000,1.1261452
Portugal,PRT,2001,1.0123585
Portugal,PRT,2002,1.1408397
Portugal,PRT,2005,1.2828658
Portugal,PRT,2010,1.1710927
Portugal,PRT,2011,1.0790523
Portugal,PRT,2012,1.1594659
Portugal,PRT,2013,1.3760765
Portugal,PRT,2014,0.88390386
Portugal,PRT,2015,0.9647448
Portugal,PRT,2016,0.63874555
Portugal,PRT,2017,0.7373251
Portugal,PRT,2018,0.78718466
Portugal,PRT,2019,0.70943195
Portugal,PRT,2020,0.7865459
Portugal,PRT,2021,0.7968822












Romania,ROU,1990,3.4856887
Romania,ROU,1991,3.6160693
Romania,ROU,1992,3.6796691
Romania,ROU,1993,3.2436016
Romania,ROU,1994,3.4286559
Romania,ROU,1995,3.363935
Romania,ROU,1996,3.2206452
Romania,ROU,1997,3.1090825
Romania,ROU,1998,2.5314465
Romania,ROU,1999,2.5681736
Romania,ROU,2000,2.5365107
Romania,ROU,2001,3.2067766
Romania,ROU,2002,3.0295289
Romania,ROU,2003,3.2400243
Romania,ROU,2004,2.2875357
Romania,ROU,2005,2.0528853
Romania,ROU,2006,1.707366
Romania,ROU,2007,1.8270141
Romania,ROU,2008,1.4661968
Romania,ROU,2009,1.2606078
Romania,ROU,2010,1.3080759
Romania,ROU,2011,1.0138334
Romania,ROU,2012,1.0527822
Romania,ROU,2013,1.0863853
Romania,ROU,2014,1.6253384
Romania,ROU,2015,1.7029973
Romania,ROU,2016,1.5456247
Romania,ROU,2017,1.2944916
Romania,ROU,2018,1.275069
Romania,ROU,2019,1.2497303
Romania,ROU,2020,1.4453217
Romania,ROU,2021,1.2623806





Russia,RUS,1990,14.286612
Russia,RUS,1991,15.237573
Russia,RUS,1992,22.801723
Russia,RUS,1993,30.262476
Russia,RUS,1994,32.164406
Russia,RUS,1995,30.464308
Russia,RUS,1996,26.36585
Russia,RUS,1997,23.654865
Russia,RUS,1998,22.72119
Russia,RUS,1999,25.944033
Russia,RUS,2000,27.981916
Russia,RUS,2001,29.350595
Russia,RUS,2002,30.394917
Russia,RUS,2003,28.813345
Russia,RUS,2004,27.194326
Russia,RUS,2005,24.781633
Russia,RUS,2006,20.122972
Russia,RUS,2007,17.73156
Russia,RUS,2008,12.711187
Russia,RUS,2009,12.334836
Russia,RUS,2010,11.651562
Russia,RUS,2011,11.282427
Russia,RUS,2012,11.311754
Russia,RUS,2013,11.137363
Russia,RUS,2014,11.446784
Russia,RUS,2015,11.506314
Russia,RUS,2016,10.93246
Russia,RUS,2017,9.139064
Russia,RUS,2018,8.214083
Russia,RUS,2019,7.68617
Russia,RUS,2020,7.3459663
Russia,RUS,2021,6.7993197










Serbia,SRB,2000,2.873338
Serbia,SRB,2001,3.069037
Serbia,SRB,2002,2.5302784
Serbia,SRB,2003,2.2313893
Serbia,SRB,2004,2.0856133
Serbia,SRB,2005,1.8771683
Serbia,SRB,2006,2.0013363
Serbia,SRB,2007,2.2041268
Serbia,SRB,2008,1.8128154
Serbia,SRB,2009,2.0031128
Serbia,SRB,2010,1.7246451
Serbia,SRB,2011,1.6927093
Serbia,SRB,2012,1.4490178
Serbia,SRB,2013,1.8370023
Serbia,SRB,2014,1.5641652
Serbia,SRB,2015,1.3298764
Serbia,SRB,2016,1.5480521
Serbia,SRB,2017,1.1520613
Serbia,SRB,2018,1.4124639
Serbia,SRB,2019,1.1890196
Serbia,SRB,2020,1.1416138
Serbia,SRB,2021,1.0552616






Slovakia,SVK,1990,1.7676222
Slovakia,SVK,1991,2.4241385
Slovakia,SVK,1993,2.5742881
Slovakia,SVK,1994,2.4162683
Slovakia,SVK,1995,2.392525
Slovakia,SVK,1996,2.4634728
Slovakia,SVK,1997,2.609103
Slovakia,SVK,1998,2.3831332
Slovakia,SVK,1999,2.623441
Slovakia,SVK,2000,2.3992457
Slovakia,SVK,2001,2.1947546
Slovakia,SVK,2002,2.2510765
Slovakia,SVK,2003,2.5491333
Slovakia,SVK,2004,2.0093284
Slovakia,SVK,2005,1.729833
Slovakia,SVK,2006,1.5249472
Slovakia,SVK,2007,1.5246221
Slovakia,SVK,2008,1.5980272
Slovakia,SVK,2009,1.4474126
Slovakia,SVK,2010,1.6492403
Slovakia,SVK,2011,1.7768961
Slovakia,SVK,2012,1.3865052
Slovakia,SVK,2013,1.4405127
Slovakia,SVK,2014,1.328519
Slovakia,SVK,2015,0.8848832
Slovakia,SVK,2016,1.1047275
Slovakia,SVK,2017,1.470746
Slovakia,SVK,2018,1.2300924
Slovakia,SVK,2019,1.3934921
Slovakia,SVK,2020,1.154548
Slovakia,SVK,2021,1.0096148







Slovenia,SVN,1990,2.0644262
Slovenia,SVN,1991,2.0102549
Slovenia,SVN,1992,2.410437
Slovenia,SVN,1993,1.3054277
Slovenia,SVN,1994,2.0588024
Slovenia,SVN,1995,2.2098272
Slovenia,SVN,1996,1.9089084
Slovenia,SVN,1997,1.8092016
Slovenia,SVN,1998,0.70412654
Slovenia,SVN,1999,1.2586462
Slovenia,SVN,2000,1.8142061
Slovenia,SVN,2001,1.4123673
Slovenia,SVN,2002,1.8147292
Slovenia,SVN,2003,1.0555886
Slovenia,SVN,2004,1.3522166
Slovenia,SVN,2005,0.99761647
Slovenia,SVN,2006,0.59595656
Slovenia,SVN,2007,1.1862227
Slovenia,SVN,2008,0.4916341
Slovenia,SVN,2009,0.6355172
Slovenia,SVN,2010,0.7291154
Slovenia,SVN,2011,0.7746485
Slovenia,SVN,2012,0.67653966
Slovenia,SVN,2013,0.5790459
Slovenia,SVN,2014,0.7711152
Slovenia,SVN,2015,0.96114016
Slovenia,SVN,2016,0.47846434
Slovenia,SVN,2017,0.90545523
Slovenia,SVN,2018,0.42736584
Slovenia,SVN,2019,0.662596
Slovenia,SVN,2020,0.51944596
Slovenia,SVN,2021,0.4246466






Spain,ESP,1990,1.2444314
Spain,ESP,1991,1.1270077
Spain,ESP,1992,1.1243491
Spain,ESP,1993,1.2019016
Spain,ESP,1994,1.0826846
Spain,ESP,1995,1.0322853
Spain,ESP,1996,0.9925875
Spain,ESP,1997,1.1523131
Spain,ESP,1998,1.2932843
Spain,ESP,1999,1.19875
Spain,ESP,2000,1.3573333
Spain,ESP,2001,1.4084697
Spain,ESP,2002,1.3597683
Spain,ESP,2003,1.3899982
Spain,ESP,2004,1.2104378
Spain,ESP,2005,1.1857516
Spain,ESP,2006,1.071521
Spain,ESP,2007,1.0652927
Spain,ESP,2008,0.8854267
Spain,ESP,2009,0.8885482
Spain,ESP,2010,0.8610181
Spain,ESP,2011,0.8238954
Spain,ESP,2012,0.77850837
Spain,ESP,2013,0.64802057
Spain,ESP,2014,0.6951536
Spain,ESP,2015,0.65042275
Spain,ESP,2016,0.6326211
Spain,ESP,2017,0.65902215
Spain,ESP,2018,0.61762637
Spain,ESP,2019,0.7022923
Spain,ESP,2020,0.6291724
Spain,ESP,2021,0.6106943






Sweden,SWE,1990,1.1113183
Sweden,SWE,1991,1.3381163
Sweden,SWE,1992,1.3194029
Sweden,SWE,1993,1.2437518
Sweden,SWE,1994,1.146334
Sweden,SWE,1995,0.9933213
Sweden,SWE,1996,1.1268576
Sweden,SWE,1997,0.9877531
Sweden,SWE,1998,1.042064
Sweden,SWE,1999,1.1413879
Sweden,SWE,2000,1.0821726
Sweden,SWE,2001,0.97788537
Sweden,SWE,2002,1.1315243
Sweden,SWE,2003,0.9485012
Sweden,SWE,2004,1.1883261
Sweden,SWE,2005,0.916951
Sweden,SWE,2006,0.9994816
Sweden,SWE,2007,1.2112254
Sweden,SWE,2008,0.88847756
Sweden,SWE,2009,0.99984807
Sweden,SWE,2010,0.9699704
Sweden,SWE,2011,0.85556865
Sweden,SWE,2012,0.71159583
Sweden,SWE,2013,0.9016542
Sweden,SWE,2014,0.89253575
Sweden,SWE,2015,1.1371311
Sweden,SWE,2016,1.0649716
Sweden,SWE,2017,1.1234626
Sweden,SWE,2018,1.0627518
Sweden,SWE,2019,1.0810367
Sweden,SWE,2020,1.1958759
Sweden,SWE,2021,1.0795734





Switzerland,CHE,1990,1.6389308
Switzerland,CHE,1991,1.4421536
Switzerland,CHE,1992,1.3530856
Switzerland,CHE,1993,1.5138144
Switzerland,CHE,1994,1.1442405
Switzerland,CHE,1995,1.1650546
Switzerland,CHE,1996,1.1740259
Switzerland,CHE,1997,1.2276002
Switzerland,CHE,1998,1.0691845
Switzerland,CHE,1999,1.2461151
Switzerland,CHE,2000,0.9607273
Switzerland,CHE,2001,1.1904098
Switzerland,CHE,2002,1.1818901
Switzerland,CHE,2009,0.6593914
Switzerland,CHE,2010,0.6647546
Switzerland,CHE,2011,0.5814702
Switzerland,CHE,2012,0.5627998
Switzerland,CHE,2013,0.7047158
Switzerland,CHE,2014,0.50074553
Switzerland,CHE,2015,0.6882618
Switzerland,CHE,2016,0.53744835
Switzerland,CHE,2017,0.5324381
Switzerland,CHE,2018,0.5872381
Switzerland,CHE,2019,0.53640634
Switzerland,CHE,2020,0.5440688
Switzerland,CHE,2021,0.48323596








Thailand,THA,1990,9.67618
Thailand,THA,1991,9.956704
Thailand,THA,1992,10.464948
Thailand,THA,1993,9.488765
Thailand,THA,1994,8.54092
Thailand,THA,1995,7.643269
Thailand,THA,1996,7.430524
Thailand,THA,1997,7.8489423
Thailand,THA,1998,8.682454
Thailand,THA,1999,8.090624
Thailand,THA,2000,8.153285
Thailand,THA,2001,7.8868947
Thailand,THA,2002,7.0660505
Thailand,THA,2003,9.932545
Thailand,THA,2004,6.5425262
Thailand,THA,2005,7.301581
Thailand,THA,2006,7.0673003
Thailand,THA,2007,6.636564
Thailand,THA,2008,5.9024267
Thailand,THA,2009,5.460552
Thailand,THA,2010,5.352239
Thailand,THA,2011,4.812783












Turkey,TUR,2003,4.2427297
Turkey,TUR,2004,4.2988815
Turkey,TUR,2005,4.8104415
Turkey,TUR,2006,4.551637
Turkey,TUR,2007,5.1072197
Turkey,TUR,2008,4.566695
Turkey,TUR,2010,4.1860585
Turkey,TUR,2011,4.126791
Turkey,TUR,2012,4.2721963
Turkey,TUR,2015,2.806161
Turkey,TUR,2016,3.3374724
Turkey,TUR,2017,3.0953896
Turkey,TUR,2018,2.60961
Turkey,TUR,2019,2.4196925
Turkey,TUR,2020,2.5054843
Turkey,TUR,2021,2.5195987






Ukraine,UKR,1990,4.958343
Ukraine,UKR,1991,5.1245513
Ukraine,UKR,1992,6.5076566
Ukraine,UKR,1993,7.138109
Ukraine,UKR,1994,8.202011
Ukraine,UKR,1995,8.630809
Ukraine,UKR,1996,9.672811
Ukraine,UKR,1997,8.433435
Ukraine,UKR,1998,8.43286
Ukraine,UKR,1999,8.617173
Ukraine,UKR,2000,9.0385065
Ukraine,UKR,2001,10.025915
Ukraine,UKR,2002,8.954377
Ukraine,UKR,2003,8.488489
Ukraine,UKR,2004,7.3780265
Ukraine,UKR,2005,6.458818
Ukraine,UKR,2006,6.348654
Ukraine,UKR,2007,5.71329
Ukraine,UKR,2008,5.3535447
Ukraine,UKR,2009,4.8840175
Ukraine,UKR,2010,4.3517265
Ukraine,UKR,2012,5.144669
Ukraine,UKR,2014,6.301487
Ukraine,UKR,2017,6.160253
Ukraine,UKR,2018,4.5042458
Ukraine,UKR,2019,4.116614
Ukraine,UKR,2020,3.8670301
Ukraine,UKR,2021,3.843201







United Kingdom,GBR,1990,1.2470567
United Kingdom,GBR,1991,1.279957
United Kingdom,GBR,1992,1.5109212
United Kingdom,GBR,1993,1.5351933
United Kingdom,GBR,1994,1.5903534
United Kingdom,GBR,1995,1.5535895
United Kingdom,GBR,1996,1.4463162
United Kingdom,GBR,1997,1.4849735
United Kingdom,GBR,1998,1.5760206
United Kingdom,GBR,1999,1.5690234
United Kingdom,GBR,2000,1.5547992
United Kingdom,GBR,2001,1.6347386
United Kingdom,GBR,2002,1.8650275
United Kingdom,GBR,2003,1.5523942
United Kingdom,GBR,2004,1.5834428
United Kingdom,GBR,2005,1.3811665
United Kingdom,GBR,2006,1.4143876
United Kingdom,GBR,2007,1.4250578
United Kingdom,GBR,2008,1.234165
United Kingdom,GBR,2009,1.1342572
United Kingdom,GBR,2010,1.2045882
United Kingdom,GBR,2011,1.0128565
United Kingdom,GBR,2012,0.98262423
United Kingdom,GBR,2013,0.9377581
United Kingdom,GBR,2014,0.90932244
United Kingdom,GBR,2015,0.99962646
United Kingdom,GBR,2016,1.2017326
United Kingdom,GBR,2017,1.2245553
United Kingdom,GBR,2018,1.1364834
United Kingdom,GBR,2019,1.150068
United Kingdom,GBR,2020,1.0035868






United States,USA,1990,9.447617
United States,USA,1991,9.819917
United States,USA,1992,9.311245
United States,USA,1993,9.477557
United States,USA,1994,8.893766
United States,USA,1995,8.132935
United States,USA,1996,7.303399
United States,USA,1997,6.6843996
United States,USA,1998,6.1536784
United States,USA,1999,5.5598226
United States,USA,2000,5.5191503
United States,USA,2001,6.667239
United States,USA,2002,5.628225
United States,USA,2006,5.774419
United States,USA,2007,5.6575966
United States,USA,2008,5.386089
United States,USA,2009,4.9913774
United States,USA,2010,4.7309804
United States,USA,2011,4.6709437
United States,USA,2012,4.6915956
United States,USA,2013,4.483442
United States,USA,2014,4.398294
United States,USA,2015,4.892982
United States,USA,2016,5.3216558
United States,USA,2017,5.2439237
United States,USA,2018,4.929848
United States,USA,2019,4.9859467
United States,USA,2020,6.420751
United States,USA,2021,6.8074665







Uruguay,URY,1990,6.6088924
Uruguay,URY,1991,6.1874595
Uruguay,URY,1992,5.770941
Uruguay,URY,1995,5.9533086
Uruguay,URY,1996,6.353371
Uruguay,URY,1997,7.4882846
Uruguay,URY,1998,7.4785075
Uruguay,URY,1999,6.5874486
Uruguay,URY,2000,6.500164
Uruguay,URY,2001,6.6041813
Uruguay,URY,2002,6.986364
Uruguay,URY,2003,5.9512978
Uruguay,URY,2004,6.0353656
Uruguay,URY,2005,5.726919
Uruguay,URY,2006,6.080158
Uruguay,URY,2007,5.828188
Uruguay,URY,2008,6.624451
Uruguay,URY,2009,6.758058
Uruguay,URY,2010,6.1145644
Uruguay,URY,2011,5.919734
Uruguay,URY,2012,7.920187
Uruguay,URY,2013,7.689622
Uruguay,URY,2014,7.901732
Uruguay,URY,2015,8.610512
Uruguay,URY,2016,7.8212743
Uruguay,URY,2017,8.269533
Uruguay,URY,2018,12.284647
Uruguay,URY,2019,11.492213
Uruguay,URY,2020,9.856853
Uruguay,URY,2021,8.901836



