Entity,Country Code,Year,GINI Index

Albania,ALB,1990,2.4
Albania,ALB,1991,2.1
Albania,ALB,1992,2.3
Albania,ALB,1993,2.5
Albania,ALB,1994,2.6
Albania,ALB,1995,2.7
Albania,ALB,1996,2.7
Albania,ALB,1997,2.7
Albania,ALB,1998,2.7
Albania,ALB,1999,2.7
Albania,ALB,2000,2.6
Albania,ALB,2001,2.6
Albania,ALB,2002,3.1
Albania,ALB,2003,3.1
Albania,ALB,2004,3.1
Albania,ALB,2005,3.0
Albania,ALB,2006,3.1
Albania,ALB,2007,3.0
Albania,ALB,2008,2.9
Albania,ALB,2009,3.1
Albania,ALB,2010,3.1
Albania,ALB,2011,2.9
Albania,ALB,2012,2.8
Albania,ALB,2013,3.1
Albania,ALB,2014,3.4
Albania,ALB,2015,3.2
Albania,ALB,2016,3.3
Albania,ALB,2017,3.3
Albania,ALB,2018,3.0
Albania,ALB,2019,3.1
Albania,ALB,2020,3.1
Albania,ALB,2021,3.2

Australia,AUS,1990,3.1
Australia,AUS,1991,3.2
Australia,AUS,1992,3.3
Australia,AUS,1993,3.2
Australia,AUS,1994,3.2
Australia,AUS,1995,3.2
Australia,AUS,1996,3.1
Australia,AUS,1997,3.1
Australia,AUS,1998,3.2
Australia,AUS,1999,3.2
Australia,AUS,2000,3.2
Australia,AUS,2001,3.3
Australia,AUS,2002,3.2
Australia,AUS,2003,3.3
Australia,AUS,2004,3.3
Australia,AUS,2005,3.2
Australia,AUS,2006,3.3
Australia,AUS,2007,3.4
Australia,AUS,2008,3.5
Australia,AUS,2009,3.5
Australia,AUS,2010,3.4
Australia,AUS,2011,3.5
Australia,AUS,2012,3.5
Australia,AUS,2013,3.5
Australia,AUS,2014,3.4
Australia,AUS,2015,3.5
Australia,AUS,2016,3.3
Australia,AUS,2017,3.5
Australia,AUS,2018,3.4
Australia,AUS,2019,3.4
Australia,AUS,2020,3.4
Australia,AUS,2021,3.5

Austria,AUT,1990,2.3
Austria,AUT,1991,2.5
Austria,AUT,1992,2.8
Austria,AUT,1993,2.9
Austria,AUT,1994,3.1
Austria,AUT,1995,3.1
Austria,AUT,1996,3.1
Austria,AUT,1997,3.0
Austria,AUT,1998,3.1
Austria,AUT,1999,3.1
Austria,AUT,2000,2.8
Austria,AUT,2001,2.8
Austria,AUT,2002,2.8
Austria,AUT,2003,2.9
Austria,AUT,2004,2.9
Austria,AUT,2005,2.8
Austria,AUT,2006,2.9
Austria,AUT,2007,3.0
Austria,AUT,2008,3.0
Austria,AUT,2009,3.1
Austria,AUT,2010,3.0
Austria,AUT,2011,3.0
Austria,AUT,2012,3.0
Austria,AUT,2013,3.1
Austria,AUT,2014,3.1
Austria,AUT,2015,3.1
Austria,AUT,2016,3.1
Austria,AUT,2017,3.0
Austria,AUT,2018,3.1
Austria,AUT,2019,3.0
Austria,AUT,2020,3.0
Austria,AUT,2021,3.1

Belarus,BLR,1990,2.0
Belarus,BLR,1991,2.1
Belarus,BLR,1992,2.2
Belarus,BLR,1993,2.2
Belarus,BLR,1994,2.5
Belarus,BLR,1995,2.9
Belarus,BLR,1996,2.9
Belarus,BLR,1997,3.0
Belarus,BLR,1998,3.2
Belarus,BLR,1999,3.1
Belarus,BLR,2000,3.1
Belarus,BLR,2001,3.0
Belarus,BLR,2002,3.0
Belarus,BLR,2003,2.9
Belarus,BLR,2004,2.6
Belarus,BLR,2005,2.7
Belarus,BLR,2006,2.8
Belarus,BLR,2007,2.9
Belarus,BLR,2008,2.7
Belarus,BLR,2009,2.7
Belarus,BLR,2010,2.9
Belarus,BLR,2011,2.7
Belarus,BLR,2012,2.6
Belarus,BLR,2013,2.6
Belarus,BLR,2014,2.7
Belarus,BLR,2015,2.6
Belarus,BLR,2016,2.5
Belarus,BLR,2017,2.5
Belarus,BLR,2018,2.5
Belarus,BLR,2019,2.5
Belarus,BLR,2020,2.4
Belarus,BLR,2021,2.3

Belgium,BEL,1990,2.5
Belgium,BEL,1991,2.6
Belgium,BEL,1992,2.5
Belgium,BEL,1993,2.4
Belgium,BEL,1994,2.5
Belgium,BEL,1995,2.8
Belgium,BEL,1996,2.7
Belgium,BEL,1997,2.6
Belgium,BEL,1998,2.5
Belgium,BEL,1999,2.6
Belgium,BEL,2000,3.3
Belgium,BEL,2001,3.1
Belgium,BEL,2002,2.9
Belgium,BEL,2003,2.8
Belgium,BEL,2004,3.1
Belgium,BEL,2005,2.9
Belgium,BEL,2006,2.8
Belgium,BEL,2007,2.9
Belgium,BEL,2008,2.8
Belgium,BEL,2009,2.8
Belgium,BEL,2010,2.8
Belgium,BEL,2011,2.8
Belgium,BEL,2012,2.7
Belgium,BEL,2013,2.8
Belgium,BEL,2014,2.8
Belgium,BEL,2015,2.8
Belgium,BEL,2016,2.8
Belgium,BEL,2017,2.7
Belgium,BEL,2018,2.7
Belgium,BEL,2019,2.7
Belgium,BEL,2020,2.6
Belgium,BEL,2021,2.7

Brazil,BRA,1990,6.0
Brazil,BRA,1991,5.6
Brazil,BRA,1992,5.3
Brazil,BRA,1993,6.0
Brazil,BRA,1994,6.0
Brazil,BRA,1995,6.0
Brazil,BRA,1996,6.0
Brazil,BRA,1997,6.0
Brazil,BRA,1998,6.0
Brazil,BRA,1999,5.9
Brazil,BRA,2000,5.9
Brazil,BRA,2001,5.8
Brazil,BRA,2002,5.8
Brazil,BRA,2003,5.7
Brazil,BRA,2004,5.6
Brazil,BRA,2005,5.6
Brazil,BRA,2006,5.5
Brazil,BRA,2007,5.4
Brazil,BRA,2008,5.4
Brazil,BRA,2009,5.4
Brazil,BRA,2010,5.3
Brazil,BRA,2011,5.3
Brazil,BRA,2012,5.3
Brazil,BRA,2013,5.3
Brazil,BRA,2014,5.2
Brazil,BRA,2015,5.2
Brazil,BRA,2016,5.3
Brazil,BRA,2017,5.3
Brazil,BRA,2018,5.4
Brazil,BRA,2019,5.3
Brazil,BRA,2020,4.9
Brazil,BRA,2021,4.7

Bulgaria,BGR,1990,2.3
Bulgaria,BGR,1991,2.6
Bulgaria,BGR,1992,3.1
Bulgaria,BGR,1993,2.8
Bulgaria,BGR,1994,2.4
Bulgaria,BGR,1995,3.3
Bulgaria,BGR,1996,3.0
Bulgaria,BGR,1997,2.6
Bulgaria,BGR,1998,2.5
Bulgaria,BGR,1999,2.6
Bulgaria,BGR,2000,3.4
Bulgaria,BGR,2001,3.3
Bulgaria,BGR,2002,3.0
Bulgaria,BGR,2003,2.9
Bulgaria,BGR,2004,3.2
Bulgaria,BGR,2005,3.4
Bulgaria,BGR,2006,3.6
Bulgaria,BGR,2007,2.8
Bulgaria,BGR,2008,3.3
Bulgaria,BGR,2009,3.3
Bulgaria,BGR,2010,3.5
Bulgaria,BGR,2011,3.4
Bulgaria,BGR,2012,3.6
Bulgaria,BGR,2013,3.7
Bulgaria,BGR,2014,3.7
Bulgaria,BGR,2015,3.9
Bulgaria,BGR,2016,4.1
Bulgaria,BGR,2017,4.0
Bulgaria,BGR,2018,4.1
Bulgaria,BGR,2019,4.0
Bulgaria,BGR,2020,3.9
Bulgaria,BGR,2021,4.1

Canada,CAN,1990,3.2
Canada,CAN,1991,3.1
Canada,CAN,1992,3.1
Canada,CAN,1993,3.1
Canada,CAN,1994,3.1
Canada,CAN,1995,3.1
Canada,CAN,1996,3.1
Canada,CAN,1997,3.1
Canada,CAN,1998,3.3
Canada,CAN,1999,3.2
Canada,CAN,2000,3.3
Canada,CAN,2001,3.2
Canada,CAN,2002,3.3
Canada,CAN,2003,3.3
Canada,CAN,2004,3.3
Canada,CAN,2005,3.3
Canada,CAN,2006,3.3
Canada,CAN,2007,3.3
Canada,CAN,2008,3.3
Canada,CAN,2009,3.2
Canada,CAN,2010,3.3
Canada,CAN,2011,3.3
Canada,CAN,2012,3.3
Canada,CAN,2013,3.2
Canada,CAN,2014,3.3
Canada,CAN,2015,3.3
Canada,CAN,2016,3.2
Canada,CAN,2017,3.3
Canada,CAN,2018,3.3
Canada,CAN,2019,3.3
Canada,CAN,2020,3.3
Canada,CAN,2021,3.3

Chile,CHL,1990,5.7
Chile,CHL,1987,5.6
Chile,CHL,1992,5.5
Chile,CHL,1993,5.5
Chile,CHL,1994,5.6
Chile,CHL,1995,5.6
Chile,CHL,1996,5.5
Chile,CHL,1997,5.5
Chile,CHL,1998,5.2
Chile,CHL,1999,5.4
Chile,CHL,2000,5.3
Chile,CHL,2001,5.1
Chile,CHL,2002,5.1
Chile,CHL,2003,5.0
Chile,CHL,2004,5.1
Chile,CHL,2005,4.9
Chile,CHL,2006,4.7
Chile,CHL,2007,4.6
Chile,CHL,2008,4.5
Chile,CHL,2009,4.7
Chile,CHL,2010,4.6
Chile,CHL,2011,4.6
Chile,CHL,2012,4.5
Chile,CHL,2013,4.6
Chile,CHL,2014,4.5
Chile,CHL,2015,4.4
Chile,CHL,2016,4.4
Chile,CHL,2017,4.4
Chile,CHL,2018,4.4
Chile,CHL,2019,4.4
Chile,CHL,2020,4.4
Chile,CHL,2021,4.4

Colombia,COL,1990,4.8
Colombia,COL,1991,5.0
Colombia,COL,1992,5.1
Colombia,COL,1993,5.2
Colombia,COL,1994,5.3
Colombia,COL,1995,5.4
Colombia,COL,1996,5.5
Colombia,COL,1997,5.5
Colombia,COL,1998,5.6
Colombia,COL,1996,5.7
Colombia,COL,1999,5.9
Colombia,COL,2000,5.9
Colombia,COL,2001,5.7
Colombia,COL,2002,5.6
Colombia,COL,2003,5.3
Colombia,COL,2004,5.4
Colombia,COL,2005,5.3
Colombia,COL,2006,5.4
Colombia,COL,2007,5.4
Colombia,COL,2008,5.5
Colombia,COL,2009,5.4
Colombia,COL,2010,5.5
Colombia,COL,2011,5.3
Colombia,COL,2012,5.2
Colombia,COL,2013,5.2
Colombia,COL,2014,5.2
Colombia,COL,2015,5.0
Colombia,COL,2016,5.0
Colombia,COL,2017,4.9
Colombia,COL,2018,5.0
Colombia,COL,2019,5.1
Colombia,COL,2020,5.4
Colombia,COL,2021,5.4

Costa Rica,CRI,1990,4.5
Costa Rica,CRI,1991,4.7
Costa Rica,CRI,1992,4.6
Costa Rica,CRI,1993,4.6
Costa Rica,CRI,1994,4.7
Costa Rica,CRI,1995,4.6
Costa Rica,CRI,1996,4.7
Costa Rica,CRI,1997,4.6
Costa Rica,CRI,1998,4.6
Costa Rica,CRI,1999,4.8
Costa Rica,CRI,2000,4.8
Costa Rica,CRI,2001,5.2
Costa Rica,CRI,2002,5.2
Costa Rica,CRI,2003,4.9
Costa Rica,CRI,2004,4.8
Costa Rica,CRI,2005,4.7
Costa Rica,CRI,2006,4.9
Costa Rica,CRI,2007,4.9
Costa Rica,CRI,2008,4.8
Costa Rica,CRI,2009,5.1
Costa Rica,CRI,2010,4.8
Costa Rica,CRI,2011,4.9
Costa Rica,CRI,2012,4.8
Costa Rica,CRI,2013,4.9
Costa Rica,CRI,2014,4.8
Costa Rica,CRI,2015,4.8
Costa Rica,CRI,2016,4.8
Costa Rica,CRI,2017,4.8
Costa Rica,CRI,2018,4.7
Costa Rica,CRI,2019,4.8
Costa Rica,CRI,2020,4.9
Costa Rica,CRI,2021,4.8

Croatia,HRV,1990,2.5
Croatia,HRV,1991,2.5
Croatia,HRV,1992,2.6
Croatia,HRV,1993,2.7
Croatia,HRV,1994,2.6
Croatia,HRV,1995,2.7
Croatia,HRV,1996,2.9
Croatia,HRV,1997,2.9
Croatia,HRV,1998,2.9
Croatia,HRV,1999,2.8
Croatia,HRV,2000,3.1
Croatia,HRV,2001,3.1
Croatia,HRV,2002,3.1
Croatia,HRV,2003,3.1
Croatia,HRV,2004,3.0
Croatia,HRV,2005,3.0
Croatia,HRV,2006,3.2
Croatia,HRV,2007,3.3
Croatia,HRV,2008,3.4
Croatia,HRV,2009,3.3
Croatia,HRV,2010,2.7
Croatia,HRV,2011,3.2
Croatia,HRV,2012,3.2
Croatia,HRV,2013,3.2
Croatia,HRV,2014,3.2
Croatia,HRV,2015,3.1
Croatia,HRV,2016,3.1
Croatia,HRV,2017,3.0
Croatia,HRV,2018,2.9
Croatia,HRV,2019,2.9
Croatia,HRV,2020,2.9
Croatia,HRV,2021,3.0

Cyprus,CYP,1990,2.5
Cyprus,CYP,1991,2.6
Cyprus,CYP,1992,2.7
Cyprus,CYP,1993,2.7
Cyprus,CYP,1994,2.7
Cyprus,CYP,1995,2.7
Cyprus,CYP,1996,2.7
Cyprus,CYP,1997,2.7
Cyprus,CYP,1998,2.7
Cyprus,CYP,1999,2.7
Cyprus,CYP,2000,2.8
Cyprus,CYP,2001,2.8
Cyprus,CYP,2002,2.9
Cyprus,CYP,2003,3.0
Cyprus,CYP,2004,3.0
Cyprus,CYP,2005,3.0
Cyprus,CYP,2006,3.1
Cyprus,CYP,2007,3.1
Cyprus,CYP,2008,3.1
Cyprus,CYP,2009,3.2
Cyprus,CYP,2010,3.1
Cyprus,CYP,2011,3.2
Cyprus,CYP,2012,3.4
Cyprus,CYP,2013,3.7
Cyprus,CYP,2014,3.6
Cyprus,CYP,2015,3.4
Cyprus,CYP,2016,3.3
Cyprus,CYP,2017,3.1
Cyprus,CYP,2018,3.3
Cyprus,CYP,2019,3.1
Cyprus,CYP,2020,3.0
Cyprus,CYP,2021,3.2

Dominican Republic,DOM,1990,4.8
Dominican Republic,DOM,1991,5.0
Dominican Republic,DOM,1992,5.1
Dominican Republic,DOM,1993,5.0
Dominican Republic,DOM,1994,4.8
Dominican Republic,DOM,1995,4.7
Dominican Republic,DOM,1996,4.7
Dominican Republic,DOM,1997,4.8
Dominican Republic,DOM,1998,5.0
Dominican Republic,DOM,1999,5.1
Dominican Republic,DOM,2000,5.1
Dominican Republic,DOM,2001,4.9
Dominican Republic,DOM,2002,4.9
Dominican Republic,DOM,2003,5.2
Dominican Republic,DOM,2004,5.2
Dominican Republic,DOM,2005,4.9
Dominican Republic,DOM,2006,5.1
Dominican Republic,DOM,2007,4.9
Dominican Republic,DOM,2008,4.8
Dominican Republic,DOM,2009,4.9
Dominican Republic,DOM,2010,4.7
Dominican Republic,DOM,2011,4.7
Dominican Republic,DOM,2012,4.6
Dominican Republic,DOM,2013,4.7
Dominican Republic,DOM,2014,4.4
Dominican Republic,DOM,2015,4.5
Dominican Republic,DOM,2016,4.6
Dominican Republic,DOM,2017,4.2
Dominican Republic,DOM,2018,4.4
Dominican Republic,DOM,2019,4.2
Dominican Republic,DOM,2020,4.0
Dominican Republic,DOM,2021,4.1

Ecuador,ECU,1990,4.9
Ecuador,ECU,1991,5.0
Ecuador,ECU,1992,4.9
Ecuador,ECU,1993,5.2
Ecuador,ECU,1994,5.3
Ecuador,ECU,1995,5.3
Ecuador,ECU,1996,5.4
Ecuador,ECU,1997,5.4
Ecuador,ECU,1998,5.6
Ecuador,ECU,1999,5.8
Ecuador,ECU,2000,5.6
Ecuador,ECU,2001,5.4
Ecuador,ECU,2002,5.3
Ecuador,ECU,2003,5.3
Ecuador,ECU,2004,5.4
Ecuador,ECU,2005,5.3
Ecuador,ECU,2006,5.2
Ecuador,ECU,2007,5.4
Ecuador,ECU,2008,5.0
Ecuador,ECU,2009,4.9
Ecuador,ECU,2010,4.9
Ecuador,ECU,2011,4.6
Ecuador,ECU,2012,4.6
Ecuador,ECU,2013,4.7
Ecuador,ECU,2014,4.5
Ecuador,ECU,2015,4.6
Ecuador,ECU,2016,4.5
Ecuador,ECU,2017,4.5
Ecuador,ECU,2018,4.5
Ecuador,ECU,2019,4.6
Ecuador,ECU,2020,4.7
Ecuador,ECU,2021,4.6

Egypt,EGY,1990,3.2
Egypt,EGY,1991,3.2
Egypt,EGY,1992,3.2
Egypt,EGY,1993,3.1
Egypt,EGY,1994,3.1
Egypt,EGY,1995,3.1
Egypt,EGY,1996,3.1
Egypt,EGY,1997,3.1
Egypt,EGY,1998,3.2
Egypt,EGY,1999,3.3
Egypt,EGY,2000,3.2
Egypt,EGY,2001,3.2
Egypt,EGY,2002,3.2
Egypt,EGY,2003,3.2
Egypt,EGY,2004,3.2
Egypt,EGY,2005,2.9
Egypt,EGY,2006,2.8
Egypt,EGY,2007,3.0
Egypt,EGY,2008,3.1
Egypt,EGY,2009,3.1
Egypt,EGY,2010,3.0
Egypt,EGY,2011,2.9
Egypt,EGY,2012,2.8
Egypt,EGY,2013,2.9
Egypt,EGY,2014.3.1
Egypt,EGY,2015,3.2
Egypt,EGY,2016,3.1
Egypt,EGY,2017,3.1
Egypt,EGY,2018,3.1
Egypt,EGY,2019,3.1
Egypt,EGY,2020,3.0
Egypt,EGY,2021,3.0

El Salvador,SLV,1990,5.8
El Salvador,SLV,1991,5.4
El Salvador,SLV,1992,5.4
El Salvador,SLV,1993,5.2
El Salvador,SLV,1994,5.1
El Salvador,SLV,1995,5.0
El Salvador,SLV,1996,5.1
El Salvador,SLV,1997,5.3
El Salvador,SLV,1998,5.4
El Salvador,SLV,1999,5.2
El Salvador,SLV,2000,5.1
El Salvador,SLV,2001,5.1
El Salvador,SLV,2002,5.2
El Salvador,SLV,2003,5.0
El Salvador,SLV,2004,4.8
El Salvador,SLV,2005,4.8
El Salvador,SLV,2006,4.6
El Salvador,SLV,2007,4.5
El Salvador,SLV,2008,4.7
El Salvador,SLV,2009,4.6
El Salvador,SLV,2010,4.3
El Salvador,SLV,2011,4.2
El Salvador,SLV,2012,4.2
El Salvador,SLV,2013,4.3
El Salvador,SLV,2014,4.2
El Salvador,SLV,2015,4.1
El Salvador,SLV,2016,4.0
El Salvador,SLV,2017,3.8
El Salvador,SLV,2018,3.9
El Salvador,SLV,2019,3.8
El Salvador,SLV,2020,3.9
El Salvador,SLV,2021,4.0

Estonia,EST,1990,4.1
Estonia,EST,1991,3.1
Estonia,EST,1992,3.6
Estonia,EST,1993,3.9
Estonia,EST,1994,3.5
Estonia,EST,1995,3.0
Estonia,EST,1996,3.4
Estonia,EST,1997,3.6
Estonia,EST,1998,3.7
Estonia,EST,1999,3.6
Estonia,EST,2000,3.5
Estonia,EST,2001,3.6
Estonia,EST,2002,3.5
Estonia,EST,2003,3.4
Estonia,EST,2004,3.5
Estonia,EST,2005,3.3
Estonia,EST,2006,3.3
Estonia,EST,2007,3.1
Estonia,EST,2008,3.1
Estonia,EST,2009,3.1
Estonia,EST,2010,3.2
Estonia,EST,2011,3.2
Estonia,EST,2012,3.2
Estonia,EST,2013,3.5
Estonia,EST,2014,3.4
Estonia,EST,2015,3.2
Estonia,EST,2016,3.1
Estonia,EST,2017,3.0
Estonia,EST,2018,3.0
Estonia,EST,2019,3.1
Estonia,EST,2020,3.1
Estonia,EST,2021,3.1

Finland,FIN,1990,2.2
Finland,FIN,1991,2.3
Finland,FIN,1992,2.3
Finland,FIN,1993,2.1
Finland,FIN,1994,2.1
Finland,FIN,1995,2.3
Finland,FIN,1996,2.3
Finland,FIN,1997,2.5
Finland,FIN,1998,2.6
Finland,FIN,1999,2.5
Finland,FIN,2000,2.7
Finland,FIN,2001,2.7
Finland,FIN,2002,2.7
Finland,FIN,2003,2.7
Finland,FIN,2004,2.7
Finland,FIN,2005,2.7
Finland,FIN,2006,2.7
Finland,FIN,2007,2.8
Finland,FIN,2008,2.7
Finland,FIN,2009,2.7
Finland,FIN,2010,2.7
Finland,FIN,2011,2.7
Finland,FIN,2012,2.7
Finland,FIN,2013,2.7
Finland,FIN,2014,2.6
Finland,FIN,2015,2.7
Finland,FIN,2016,2.7
Finland,FIN,2017,2.7
Finland,FIN,2018,2.7
Finland,FIN,2019,2.7
Finland,FIN,2020,2.7
Finland,FIN,2021,2.7

France,FRA,1990,3.5
France,FRA,1991,3.5
France,FRA,1992,3.6
France,FRA,1993,3.2
France,FRA,1994,3.2
France,FRA,1995,3.5
France,FRA,1996,3.5
France,FRA,1997,3.4
France,FRA,1998,3.4
France,FRA,1999,3.3
France,FRA,2000,3.1
France,FRA,2001,3.1
France,FRA,2002,3.1
France,FRA,2003,3.1
France,FRA,2004,3.0
France,FRA,2005,2.9
France,FRA,2006,2.9
France,FRA,2007,3.2
France,FRA,2008,3.2
France,FRA,2009,3.2
France,FRA,2010,3.3
France,FRA,2011,3.3
France,FRA,2012,3.3
France,FRA,2013,3.2
France,FRA,2014,3.2
France,FRA,2015,3.2
France,FRA,2016,3.1
France,FRA,2017,3.1
France,FRA,2018,3.2
France,FRA,2019,3.2
France,FRA,2020,3.2
France,FRA,2021,3.2

Georgia,GEO,1990,3.2
Georgia,GEO,1991,3.3
Georgia,GEO,1992,3.4
Georgia,GEO,1993,3.6
Georgia,GEO,1994,3.5
Georgia,GEO,1995,3.6
Georgia,GEO,1996,3.7
Georgia,GEO,1997,4.0
Georgia,GEO,1998,4.1
Georgia,GEO,1999,4.0
Georgia,GEO,2000,4.0
Georgia,GEO,2001,3.9
Georgia,GEO,2002,3.7
Georgia,GEO,2003,3.7
Georgia,GEO,2004,3.6
Georgia,GEO,2005,3.7
Georgia,GEO,2006,3.6
Georgia,GEO,2007,3.8
Georgia,GEO,2008,3.8
Georgia,GEO,2009,3.8
Georgia,GEO,2010,3.9
Georgia,GEO,2011,3.9
Georgia,GEO,2012,3.8
Georgia,GEO,2013,3.8
Georgia,GEO,2014,3.7
Georgia,GEO,2015,3.6
Georgia,GEO,2016,3.6
Georgia,GEO,2017,3.7
Georgia,GEO,2018,3.6
Georgia,GEO,2019,3.6
Georgia,GEO,2020,3.4
Georgia,GEO,2021,3.5

Germany,DEU,1990,2.9
Germany,DEU,1991,2.9
Germany,DEU,1992,2.9
Germany,DEU,1993,2.9
Germany,DEU,1994,2.9
Germany,DEU,1995,2.9
Germany,DEU,1996,2.8
Germany,DEU,1997,2.8
Germany,DEU,1998,2.8
Germany,DEU,1999,2.9
Germany,DEU,2000,2.9
Germany,DEU,2001,3.0
Germany,DEU,2002,2.9
Germany,DEU,2003,3.0
Germany,DEU,2004,3.0
Germany,DEU,2005,3.1
Germany,DEU,2006,3.1
Germany,DEU,2007,3.1
Germany,DEU,2008,3.0
Germany,DEU,2009,3.0
Germany,DEU,2010,3.0
Germany,DEU,2011,3.0
Germany,DEU,2012,3.0
Germany,DEU,2013,3.1
Germany,DEU,2014,3.0
Germany,DEU,2015,3.1
Germany,DEU,2016,3.1
Germany,DEU,2017,3.1
Germany,DEU,2018,3.1
Germany,DEU,2019,3.1
Germany,DEU,2020,3.2
Germany,DEU,2021,3.2

Greece,GRC,1990,4.1
Greece,GRC,1991,3.9
Greece,GRC,1992,3.8
Greece,GRC,1993,3.7
Greece,GRC,1994,3.6
Greece,GRC,1995,3.7
Greece,GRC,1996,3.4
Greece,GRC,1997,3.5
Greece,GRC,1998,3.5
Greece,GRC,1999,3.6
Greece,GRC,2000,3.4
Greece,GRC,2001,3.4
Greece,GRC,2002,3.4
Greece,GRC,2003,3.3
Greece,GRC,2004,3.4
Greece,GRC,2005,3.5
Greece,GRC,2006,3.5
Greece,GRC,2007,3.4
Greece,GRC,2008,3.4
Greece,GRC,2009,3.4
Greece,GRC,2010,3.4
Greece,GRC,2011,3.5
Greece,GRC,2012,3.6
Greece,GRC,2013,3.6
Greece,GRC,2014,3.6
Greece,GRC,2015,3.6
Greece,GRC,2016,3.5
Greece,GRC,2017,3.4
Greece,GRC,2018,3.3
Greece,GRC,2019,3.3
Greece,GRC,2020,3.3
Greece,GRC,2021,3.3

Honduras,HND,1990,5.7
Honduras,HND,1991,5.2
Honduras,HND,1992,5.2
Honduras,HND,1993,5.3
Honduras,HND,1994,5.5
Honduras,HND,1995,5.5
Honduras,HND,1996,5.6
Honduras,HND,1997,5.3
Honduras,HND,1998,5.7
Honduras,HND,1999,5.5
Honduras,HND,2000,5.5
Honduras,HND,2001,5.5
Honduras,HND,2002,5.6
Honduras,HND,2003,5.8
Honduras,HND,2004,5.8
Honduras,HND,2005,6.0
Honduras,HND,2006,5.8
Honduras,HND,2007,5.6
Honduras,HND,2008,5.5
Honduras,HND,2009,5.1
Honduras,HND,2010,5.3
Honduras,HND,2011,5.3
Honduras,HND,2012,5.3
Honduras,HND,2013,5.0
Honduras,HND,2014,5.0
Honduras,HND,2015,4.9
Honduras,HND,2016,5.0
Honduras,HND,2017,4.9
Honduras,HND,2018,4.9
Honduras,HND,2019,4.8
Honduras,HND,2020,4.8
Honduras,HND,2021,4.7

Hungary,HUN,1990,2.5
Hungary,HUN,1991,3.0
Hungary,HUN,1992,2.9
Hungary,HUN,1993,2.8
Hungary,HUN,1994,3.3
Hungary,HUN,1995,3.1
Hungary,HUN,1996,3.0
Hungary,HUN,1997,2.8
Hungary,HUN,1998,2.6
Hungary,HUN,1999,2.8
Hungary,HUN,2000,2.7
Hungary,HUN,2001,2.7
Hungary,HUN,2002,2.7
Hungary,HUN,2003,3.1
Hungary,HUN,2004,3.0
Hungary,HUN,2005,3.0
Hungary,HUN,2006,2.9
Hungary,HUN,2007,3.1
Hungary,HUN,2008,2.8
Hungary,HUN,2009,2.7
Hungary,HUN,2010,2.9
Hungary,HUN,2011,2.9
Hungary,HUN,2012,3.0
Hungary,HUN,2013,3.1
Hungary,HUN,2014,3.1
Hungary,HUN,2015,3.0
Hungary,HUN,2016,3.0
Hungary,HUN,2017,3.1
Hungary,HUN,2018,3.0
Hungary,HUN,2019,3.0
Hungary,HUN,2020,3.1
Hungary,HUN,2021,3.2

Iceland,ISL,1990,2.7
Iceland,ISL,1991,2.7
Iceland,ISL,1992,2.7
Iceland,ISL,1993,2.8
Iceland,ISL,1994,2.8
Iceland,ISL,1995,2.7
Iceland,ISL,1996,2.7
Iceland,ISL,1997,2.6
Iceland,ISL,1998,2.5
Iceland,ISL,1999,2.4
Iceland,ISL,2000,2.3
Iceland,ISL,2001,2.4
Iceland,ISL,2002,2.6
Iceland,ISL,2003,2.7
Iceland,ISL,2004,2.8
Iceland,ISL,2005,2.9
Iceland,ISL,2006,3.0
Iceland,ISL,2007,2.9
Iceland,ISL,2008,3.2
Iceland,ISL,2009,2.9
Iceland,ISL,2010,2.6
Iceland,ISL,2011,2.7
Iceland,ISL,2012,2.7
Iceland,ISL,2013,2.5
Iceland,ISL,2014,2.8
Iceland,ISL,2015,2.7
Iceland,ISL,2016,2.7
Iceland,ISL,2017,2.6
Iceland,ISL,2018,2.5
Iceland,ISL,2019,2.6
Iceland,ISL,2020,2.6
Iceland,ISL,2021,2.5

India,IND,1990,3.2
India,IND,1991,3.2
India,IND,1992,3.3
India,IND,1993,3.2
India,IND,1994,3.2
India,IND,1995,3.2
India,IND,1996,3.4
India,IND,1997,3.3
India,IND,1998,3.2
India,IND,1999,3.2
India,IND,2000,3.5
India,IND,2001,3.5
India,IND,2002,3.4
India,IND,2003,3.3
India,IND,2004,3.4
India,IND,2005,3.4
India,IND,2006,3.4
India,IND,2007,3.4
India,IND,2008,3.4
India,IND,2009,3.5
India,IND,2010,3.5
India,IND,2011,3.6
India,IND,2012,3.5
India,IND,2013,3.5
India,IND,2014,3.5
India,IND,2015,3.5
India,IND,2016,3.5
India,IND,2017,3.6
India,IND,2018,3.5
India,IND,2019,3.6
India,IND,2020,3.6
India,IND,2021,3.6

Italy,ITA,1990,0.3257331576650687
Italy,ITA,1991,0.3146832586649527
Italy,ITA,1992,0.3251640823575092
Italy,ITA,1993,0.3553788793076098
Italy,ITA,1994,0.3523806366236202
Italy,ITA,1995,0.299746238754667
Italy,ITA,1996,0.3335268762352562
Italy,ITA,1997,0.3524678532980325
Italy,ITA,1998,0.3666078685636162
Italy,ITA,1998,0.36
Italy,ITA,2000,0.3525280984423746
Italy,ITA,2001,0.3525280984423746
Italy,ITA,2002,0.320547376723589
Italy,ITA,2003,0.3493130855082459
Italy,ITA,2004,0.3429511626302363
Italy,ITA,2005,0.3383360556237444
Italy,ITA,2006,0.3369739603399532
Italy,ITA,2007,0.3289073563667704
Italy,ITA,2008,0.3377010232366898
Italy,ITA,2009,0.3383577039072794
Italy,ITA,2010,0.3472130832471843
Italy,ITA,2011,0.3505721451796474
Italy,ITA,2012,0.3515561059221849
Italy,ITA,2013,0.3491184922890656
Italy,ITA,2014,0.3465732830402379
Italy,ITA,2015,0.3539743647773671
Italy,ITA,2016,0.352462496122166
Italy,ITA,2017,0.3592800094735345
Italy,ITA,2018,0.352225706287351
Italy,ITA,2019,0.3522257062873518
Italy,ITA,2020,0.3603784523352353
Italy,ITA,2021,0.410037563258844

Lithuania,LTU,1990,3.3
Lithuania,LTU,1991,3.3
Lithuania,LTU,1992,3.3
Lithuania,LTU,1993,3.3
Lithuania,LTU,1994,3.3
Lithuania,LTU,1995,3.2
Lithuania,LTU,1996,3.2
Lithuania,LTU,1998,3.2
Lithuania,LTU,1999,3.2
Lithuania,LTU,1997,3.2
Lithuania,LTU,2000,3.1
Lithuania,LTU,2001,3.2
Lithuania,LTU,2002,3.1
Lithuania,LTU,2003,3.5
Lithuania,LTU,2004,3.5
Lithuania,LTU,2005,3.5
Lithuania,LTU,2006,3.4
Lithuania,LTU,2007,3.4
Lithuania,LTU,2008,3.7
Lithuania,LTU,2009,3.7
Lithuania,LTU,2010,3.3
Lithuania,LTU,2011,3.2
Lithuania,LTU,2012,3.5
Lithuania,LTU,2013,3.5
Lithuania,LTU,2014,3.7
Lithuania,LTU,2015,3.7
Lithuania,LTU,2016,3.8
Lithuania,LTU,2017,3.7
Lithuania,LTU,2018,3.6
Lithuania,LTU,2019,3.5
Lithuania,LTU,2020,3.5
Lithuania,LTU,2021,3.5

Luxembourg,LUX,1990,2.7
Luxembourg,LUX,1991,2.7
Luxembourg,LUX,1992,2.7
Luxembourg,LUX,1993,2.7
Luxembourg,LUX,1994,2.7
Luxembourg,LUX,1995,2.8
Luxembourg,LUX,1996,2.9
Luxembourg,LUX,1997,3.0
Luxembourg,LUX,1998,3.0
Luxembourg,LUX,1999,3.0
Luxembourg,LUX,2000,3.0
Luxembourg,LUX,2001,3.0
Luxembourg,LUX,2002,3.0
Luxembourg,LUX,2003,3.0
Luxembourg,LUX,2004,3.0
Luxembourg,LUX,2005,3.0
Luxembourg,LUX,2006,3.0
Luxembourg,LUX,2007,3.1
Luxembourg,LUX,2008,3.2
Luxembourg,LUX,2009,3.1
Luxembourg,LUX,2010,3.0
Luxembourg,LUX,2011,3.2
Luxembourg,LUX,2012,3.4
Luxembourg,LUX,2013,3.2
Luxembourg,LUX,2014,3.1
Luxembourg,LUX,2015,3.2
Luxembourg,LUX,2016,3.1
Luxembourg,LUX,2017,3.4
Luxembourg,LUX,2018,3.5
Luxembourg,LUX,2019,3.4
Luxembourg,LUX,2020,3.4
Luxembourg,LUX,2021,3.4

Mexico,MEX,1990,4.8
Mexico,MEX,1991,5.1
Mexico,MEX,1992,5.3
Mexico,MEX,1992,5.3
Mexico,MEX,1994,5.3
Mexico,MEX,1995,5.3
Mexico,MEX,1996,5.4
Mexico,MEX,1997,5.4
Mexico,MEX,1998,5.2
Mexico,MEX,1999,5.4
Mexico,MEX,2000,5.3
Mexico,MEX,2001,5.2
Mexico,MEX,2002,5.0
Mexico,MEX,2000,4.9
Mexico,MEX,2004,5.0
Mexico,MEX,2005,5.0
Mexico,MEX,2006,4.8
Mexico,MEX,2007,5.9
Mexico,MEX,2008,4.9
Mexico,MEX,2009,5.0
Mexico,MEX,2010,4.7
Mexico,MEX,2011,4.8
Mexico,MEX,2012,4.8
Mexico,MEX,2013,4.9
Mexico,MEX,2014,4.8
Mexico,MEX,2015,4.7
Mexico,MEX,2016,4.7
Mexico,MEX,2017,4.5
Mexico,MEX,2018,4.6
Mexico,MEX,2019,4.7
Mexico,MEX,2020,4.5
Mexico,MEX,2021,4.4

Moldova,MDA,1990,3.4
Moldova,MDA,1991,3.4
Moldova,MDA,1992,3.4
Moldova,MDA,1993,3.3
Moldova,MDA,1994,3.5
Moldova,MDA,1995,3.5
Moldova,MDA,1996,3.6
Moldova,MDA,1997,3.6
Moldova,MDA,1998,3.9
Moldova,MDA,1999,4.2
Moldova,MDA,2000,3.6
Moldova,MDA,2001,3.7
Moldova,MDA,2002,3.5
Moldova,MDA,2003,3.4
Moldova,MDA,2004,3.5
Moldova,MDA,2005,3.6
Moldova,MDA,2006,3.5
Moldova,MDA,2007,3.4
Moldova,MDA,2008,3.4
Moldova,MDA,2009,3.2
Moldova,MDA,2010,3.2
Moldova,MDA,2011,3.0
Moldova,MDA,2012,2.9
Moldova,MDA,2013,2.8
Moldova,MDA,2014,2.6
Moldova,MDA,2015,2.7
Moldova,MDA,2016,2.6
Moldova,MDA,2017,2.6
Moldova,MDA,2018,2.6
Moldova,MDA,2019,2.6
Moldova,MDA,2020,2.6
Moldova,MDA,2021,2.5

Netherlands,NLD,1990,3.1
Netherlands,NLD,1991,3.2
Netherlands,NLD,1992,3.1
Netherlands,NLD,1993,3.0
Netherlands,NLD,1994,3.1
Netherlands,NLD,1995,3.1
Netherlands,NLD,1996,3.1
Netherlands,NLD,1997,3.0
Netherlands,NLD,1998,2.9
Netherlands,NLD,1999,2.8
Netherlands,NLD,2000,2.9
Netherlands,NLD,2001,2.9
Netherlands,NLD,2002,2.9
Netherlands,NLD,2003,2.9
Netherlands,NLD,2004,2.9
Netherlands,NLD,2005,2.9
Netherlands,NLD,2006,3.0
Netherlands,NLD,2007,2.9
Netherlands,NLD,2008,2.9
Netherlands,NLD,2009,2.7
Netherlands,NLD,2010,2.7
Netherlands,NLD,2011,2.7
Netherlands,NLD,2012,2.7
Netherlands,NLD,2013,2.8
Netherlands,NLD,2014,2.8
Netherlands,NLD,2015,2.8
Netherlands,NLD,2016,2.8
Netherlands,NLD,2017,2.8
Netherlands,NLD,2018,2.8
Netherlands,NLD,2019,2.9
Netherlands,NLD,2020,2.8
Netherlands,NLD,2021,2.9

Poland,POL,1985,2.5
Poland,POL,1986,2.8
Poland,POL,1987,2.6
Poland,POL,1989,2.7
Poland,POL,1992,2.9
Poland,POL,1993,2.7
Poland,POL,1995,3.5
Poland,POL,1996,3.3
Poland,POL,1998,3.2
Poland,POL,1999,3.3
Poland,POL,2000,3.3
Poland,POL,2001,3.3
Poland,POL,2002,3.4
Poland,POL,2003,3.5
Poland,POL,2004,3.5
Poland,POL,2005,3.4
Poland,POL,2006,3.3
Poland,POL,2007,3.3
Poland,POL,2008,3.3
Poland,POL,2009,3.3
Poland,POL,2010,3.3
Poland,POL,2011,3.2
Poland,POL,2012,3.2
Poland,POL,2013,3.2
Poland,POL,2014,3.2
Poland,POL,2015,3.1
Poland,POL,2016,3.0
Poland,POL,2017,3.0
Poland,POL,2018,3.1
Poland,POL,2019,3.0
Poland,POL,2019,2.7
Poland,POL,2019,2.6
Poland,POL,2019,2.6

Portugal,PRT,1990,4.1
Portugal,PRT,1991,3.9
Portugal,PRT,1992,3.8
Portugal,PRT,1993,3.7
Portugal,PRT,1994,3.6
Portugal,PRT,1995,3.4
Portugal,PRT,1996,3.5
Portugal,PRT,1997,3.6
Portugal,PRT,1998,3.7
Portugal,PRT,1999,3.8
Portugal,PRT,2000,3.8
Portugal,PRT,2001,3.8
Portugal,PRT,2002,3.9
Portugal,PRT,2003,3.9
Portugal,PRT,2004,3.9
Portugal,PRT,2005,3.9
Portugal,PRT,2006,3.8
Portugal,PRT,2007,3.7
Portugal,PRT,2008,3.7
Portugal,PRT,2009,3.5
Portugal,PRT,2010,3.6
Portugal,PRT,2011,3.6
Portugal,PRT,2012,3.6
Portugal,PRT,2013,3.6
Portugal,PRT,2014,3.5
Portugal,PRT,2015,3.5
Portugal,PRT,2016,3.5
Portugal,PRT,2017,3.3
Portugal,PRT,2018,3.3
Portugal,PRT,2019,3.2
Portugal,PRT,2020,3.2
Portugal,PRT,2021,3.2

Romania,ROU,1990,2.3
Romania,ROU,1991,2.3
Romania,ROU,1992,2.5
Romania,ROU,1993,2.6
Romania,ROU,1994,2.8
Romania,ROU,1995,3.1
Romania,ROU,1996,2.9
Romania,ROU,1997,3.0
Romania,ROU,1998,3.1
Romania,ROU,1999,2.9
Romania,ROU,2000,2.9
Romania,ROU,2001,2.9
Romania,ROU,2002,3.0
Romania,ROU,2003,3.0
Romania,ROU,2004,3.0
Romania,ROU,2005,3.0
Romania,ROU,2006,3.0
Romania,ROU,2007,3.0
Romania,ROU,2008,3.0
Romania,ROU,2009,2.8
Romania,ROU,2010,2.8
Romania,ROU,2011,2.7
Romania,ROU,2012,2.7
Romania,ROU,2013,2.7
Romania,ROU,2014,3.6
Romania,ROU,2015,3.6
Romania,ROU,2016,2.9
Romania,ROU,2017,3.6
Romania,ROU,2018,2.9
Romania,ROU,2019,3.5
Romania,ROU,2020,3.5
Romania,ROU,2021,3.5

Russia,RUS,1990,4.8
Russia,RUS,1991,4.8
Russia,RUS,1992,4.7
Russia,RUS,1993,4.8
Russia,RUS,1994,4.8
Russia,RUS,1995,4.7
Russia,RUS,1996,4.6
Russia,RUS,1997,3.8
Russia,RUS,1998,3.8
Russia,RUS,1999,3.7
Russia,RUS,2000,3.7
Russia,RUS,2001,3.7
Russia,RUS,2002,3.7
Russia,RUS,2003,4.0
Russia,RUS,2004,4.0
Russia,RUS,2005,4.1
Russia,RUS,2006,4.1
Russia,RUS,2007,4.2
Russia,RUS,2008,4.2
Russia,RUS,2009,4.0
Russia,RUS,2010,4.0
Russia,RUS,2011,4.0
Russia,RUS,2012,4.1
Russia,RUS,2013,4.1
Russia,RUS,2014,4.0
Russia,RUS,2015,3.8
Russia,RUS,2016,3.7
Russia,RUS,2017,3.7
Russia,RUS,2018,3.7
Russia,RUS,2019,3.8
Russia,RUS,2020,3.6
Russia,RUS,1921,4.8

Slovakia,SVK,1990,1.9
Slovakia,SVK,1991,2.0
Slovakia,SVK,1992,2.0
Slovakia,SVK,1993,2.2
Slovakia,SVK,1994,2.3
Slovakia,SVK,1995,2.5
Slovakia,SVK,1996,2.6
Slovakia,SVK,1997,2.6
Slovakia,SVK,1998,2.7
Slovakia,SVK,1999,2.6
Slovakia,SVK,2000,2.6
Slovakia,SVK,2001,2.9
Slovakia,SVK,2002,2.9
Slovakia,SVK,2003,2.8
Slovakia,SVK,2004,2.9
Slovakia,SVK,2005,3.0
Slovakia,SVK,2006,2.8
Slovakia,SVK,2007,2.8
Slovakia,SVK,2008,2.7
Slovakia,SVK,2009,2.6
Slovakia,SVK,2010,2.7
Slovakia,SVK,2011,2.6
Slovakia,SVK,2012,2.6
Slovakia,SVK,2013,2.8
Slovakia,SVK,2014,2.6
Slovakia,SVK,2015,2.6
Slovakia,SVK,2016,2.5
Slovakia,SVK,2017,2.3
Slovakia,SVK,2018,2.5
Slovakia,SVK,2019,2.3
Slovakia,SVK,2020,2.3
Slovakia,SVK,2021,2.3

Slovenia,SVN,1990,2.4
Slovenia,SVN,1991,2.6
Slovenia,SVN,1992,2.8
Slovenia,SVN,1993,2.9
Slovenia,SVN,1994,2.4
Slovenia,SVN,1995,2.4
Slovenia,SVN,1996,2.4
Slovenia,SVN,1997,2.4
Slovenia,SVN,1998,2.8
Slovenia,SVN,1999,2.4
Slovenia,SVN,2000,2.9
Slovenia,SVN,2001,2.9
Slovenia,SVN,2002,2.9
Slovenia,SVN,2003,3.1
Slovenia,SVN,2004,2.5
Slovenia,SVN,2005,2.5
Slovenia,SVN,2006,2.4
Slovenia,SVN,2007,2.4
Slovenia,SVN,2008,2.3
Slovenia,SVN,2009,2.5
Slovenia,SVN,2010,2.5
Slovenia,SVN,2011,2.5
Slovenia,SVN,2012,2.6
Slovenia,SVN,2013,2.7
Slovenia,SVN,2014,2.6
Slovenia,SVN,2015,2.6
Slovenia,SVN,2016,2.5
Slovenia,SVN,2017,2.4
Slovenia,SVN,2018,2.5
Slovenia,SVN,2019,2.4
Slovenia,SVN,2020,2.5
Slovenia,SVN,2021,2.3

Spain,ESP,1990,3.2
Spain,ESP,1991,3.2
Spain,ESP,1992,3.4
Spain,ESP,1993,3.5
Spain,ESP,1994,3.6
Spain,ESP,1995,3.7
Spain,ESP,1996,3.5
Spain,ESP,1997,3.3
Spain,ESP,1998,3.2
Spain,ESP,1999,3.3
Spain,ESP,2000,3.4
Spain,ESP,2001,3.3
Spain,ESP,2002,3.3
Spain,ESP,2003,3.2
Spain,ESP,2004,3.3
Spain,ESP,2005,3.2
Spain,ESP,2006,3.3
Spain,ESP,2007,3.4
Spain,ESP,2008,3.4
Spain,ESP,2009,3.4
Spain,ESP,2010,3.5
Spain,ESP,2011,3.6
Spain,ESP,2012,3.5
Spain,ESP,2013,3.6
Spain,ESP,2014,3.6
Spain,ESP,2015,3.6
Spain,ESP,2016,3.6
Spain,ESP,2017,3.5
Spain,ESP,2018,3.5
Spain,ESP,2019,3.4
Spain,ESP,2020,3.4
Spain,ESP,2021,3.4

Sweden,SWE,1990,2.3
Sweden,SWE,1991,2.4
Sweden,SWE,1992,2.5
Sweden,SWE,1993,2.5
Sweden,SWE,1994,2.5
Sweden,SWE,1995,2.5
Sweden,SWE,1996,2.5
Sweden,SWE,1997,2.5
Sweden,SWE,1998,2.5
Sweden,SWE,1999,2.6
Sweden,SWE,2000,2.7
Sweden,SWE,2001,2.7
Sweden,SWE,2002,2.6
Sweden,SWE,2003,2.5
Sweden,SWE,2004,2.6
Sweden,SWE,2005,2.7
Sweden,SWE,2006,2.6
Sweden,SWE,2007,2.7
Sweden,SWE,2008,2.8
Sweden,SWE,2009,2.7
Sweden,SWE,2010,2.8
Sweden,SWE,2011,2.8
Sweden,SWE,2012,2.8
Sweden,SWE,2013,2.9
Sweden,SWE,2014,2.8
Sweden,SWE,2015,2.9
Sweden,SWE,2016,3.0
Sweden,SWE,2017,2.9
Sweden,SWE,2018,3.0
Sweden,SWE,2019,2.9
Sweden,SWE,2020,2.9
Sweden,SWE,2021,3.0

Switzerland,CHE,1990,3.3
Switzerland,CHE,1991,3.5
Switzerland,CHE,1992,3.4
Switzerland,CHE,1993,3.4
Switzerland,CHE,1994,3.4
Switzerland,CHE,1995,3.4
Switzerland,CHE,1996,3.4
Switzerland,CHE,1997,3.4
Switzerland,CHE,1998,3.4
Switzerland,CHE,1999,3.4
Switzerland,CHE,2000,3.3
Switzerland,CHE,2001,3.3
Switzerland,CHE,2002,3.1
Switzerland,CHE,2003,3.1
Switzerland,CHE,2004,3.2
Switzerland,CHE,2005,3.2
Switzerland,CHE,2006,3.3
Switzerland,CHE,2007,3.4
Switzerland,CHE,2008,3.3
Switzerland,CHE,2009,3.2
Switzerland,CHE,2010,3.2
Switzerland,CHE,2011,3.1
Switzerland,CHE,2012,3.1
Switzerland,CHE,2013,3.2
Switzerland,CHE,2014,3.2
Switzerland,CHE,2015,3.2
Switzerland,CHE,2016,3.3
Switzerland,CHE,2017,3.2
Switzerland,CHE,2018,3.3
Switzerland,CHE,2019,3.3
Switzerland,CHE,2020,3.3
Switzerland,CHE,2021,3.3

Thailand,THA,1990,4.5
Thailand,THA,1991,4.6
Thailand,THA,1992,4.7
Thailand,THA,1993,4.5
Thailand,THA,1994,4.3
Thailand,THA,1995,4.3
Thailand,THA,1996,4.3
Thailand,THA,1997,4.3
Thailand,THA,1998,4.1
Thailand,THA,1999,4.3
Thailand,THA,2000,4.3
Thailand,THA,2001,4.3
Thailand,THA,2002,4.2
Thailand,THA,2003,4.2
Thailand,THA,2004,4.3
Thailand,THA,2005,4.3
Thailand,THA,2006,4.2
Thailand,THA,2007,4.0
Thailand,THA,2008,4.0
Thailand,THA,2009,3.9
Thailand,THA,2010,3.9
Thailand,THA,2011,3.7
Thailand,THA,2012,3.9
Thailand,THA,2013,3.8
Thailand,THA,2014,3.7
Thailand,THA,2015,3.6
Thailand,THA,2016,3.7
Thailand,THA,2017,3.6
Thailand,THA,2018,3.6
Thailand,THA,2019,3.4
Thailand,THA,2020,3.5
Thailand,THA,2021,3.5

Ukraine,UKR,1990,3.0
Ukraine,UKR,1991,3.0
Ukraine,UKR,1992,3.3
Ukraine,UKR,1993,3.4
Ukraine,UKR,1994,3.7
Ukraine,UKR,1995,3.9
Ukraine,UKR,1996,3.5
Ukraine,UKR,1997,3.5
Ukraine,UKR,1998,3.5
Ukraine,UKR,1999,2.9
Ukraine,UKR,2000,2.9
Ukraine,UKR,2001,2.9
Ukraine,UKR,2002,2.9
Ukraine,UKR,2003,2.9
Ukraine,UKR,2004,2.9
Ukraine,UKR,2005,2.9
Ukraine,UKR,2006,3.0
Ukraine,UKR,2007,2.7
Ukraine,UKR,2008,2.7
Ukraine,UKR,2009,2.5
Ukraine,UKR,2010,2.5
Ukraine,UKR,2011,2.5
Ukraine,UKR,2012,2.5
Ukraine,UKR,2013,2.5
Ukraine,UKR,2014,2.4
Ukraine,UKR,2015,2.5
Ukraine,UKR,2016,2.5
Ukraine,UKR,2017,2.6
Ukraine,UKR,2018,2.6
Ukraine,UKR,2019,2.7
Ukraine,UKR,2020,2.6
Ukraine,UKR,2021,2.8

United Kingdom,GBR,1990,3.6
United Kingdom,GBR,1991,3.6
United Kingdom,GBR,1992,3.6
United Kingdom,GBR,1993,3.6
United Kingdom,GBR,1994,3.6
United Kingdom,GBR,1995,3.5
United Kingdom,GBR,1996,3.5
United Kingdom,GBR,1997,3.5
United Kingdom,GBR,1998,3.6
United Kingdom,GBR,1999,3.7
United Kingdom,GBR,2000,4.0
United Kingdom,GBR,2001,3.8
United Kingdom,GBR,2002,3.6
United Kingdom,GBR,2003,3.5
United Kingdom,GBR,2004,3.6
United Kingdom,GBR,2005,3.4
United Kingdom,GBR,2006,3.4
United Kingdom,GBR,2007,3.5
United Kingdom,GBR,2008,3.4
United Kingdom,GBR,2009,3.4
United Kingdom,GBR,2010,3.4
United Kingdom,GBR,2011,3.3
United Kingdom,GBR,2012,3.2
United Kingdom,GBR,2013,3.3
United Kingdom,GBR,2014,3.4
United Kingdom,GBR,2015,3.3
United Kingdom,GBR,2016,3.5
United Kingdom,GBR,2017,3.5
United Kingdom,GBR,2018,3.5
United Kingdom,GBR,2019,3.5
United Kingdom,GBR,2020,3.7
United Kingdom,GBR,2021,3.7

United States,USA,1990,3.7
United States,USA,1991,3.8
United States,USA,1992,3.8
United States,USA,1993,4.0
United States,USA,1994,4.0
United States,USA,1995,4.0
United States,USA,1996,4.0
United States,USA,1997,4.0
United States,USA,1998,4.0
United States,USA,1999,4.0
United States,USA,2000,4.0
United States,USA,2001,4.1
United States,USA,2002,4.0
United States,USA,2003,4.0
United States,USA,2004,4.0
United States,USA,2005,4.1
United States,USA,2006,4.1
United States,USA,2007,4.0
United States,USA,2008,4.0
United States,USA,2009,4.0
United States,USA,2010,4.0
United States,USA,2011,4.1
United States,USA,2012,4.1
United States,USA,2013,4.0
United States,USA,2014,4.2
United States,USA,2015,4.1
United States,USA,2016,4.1
United States,USA,2017,4.1
United States,USA,2018,4.2
United States,USA,2019,4.2
United States,USA,2020,4.2
United States,USA,2021,4.2
