Albania,ALB,1996,27
Albania,ALB,2002,31
Albania,ALB,2005,30
Albania,ALB,2008,29
Albania,ALB,2012,28
Albania,ALB,2014,34
Albania,ALB,2015,32
Albania,ALB,2016,33
Albania,ALB,2017,33
Albania,ALB,2018,30
Albania,ALB,2019,31
Algeria,DZA,1988,40
Algeria,DZA,1995,35
Algeria,DZA,2011,27
Angola,AGO,2000,51
Angola,AGO,2008,42
Angola,AGO,2018,51
Argentina - urban,,1980,41
Argentina - urban,,1986,43
Argentina - urban,,1987,45
Argentina - urban,,1991,47
Argentina - urban,,1992,45
Argentina - urban,,1993,45
Argentina - urban,,1994,46
Argentina - urban,,1995,49
Argentina - urban,,1996,50
Argentina - urban,,1997,49
Argentina - urban,,1998,51
Argentina - urban,,1999,50
Argentina - urban,,2000,51
Argentina - urban,,2001,53
Argentina - urban,,2002,54
Argentina - urban,,2003,51
Argentina - urban,,2004,48
Argentina - urban,,2005,48
Argentina - urban,,2006,46
Argentina - urban,,2007,46
Argentina - urban,,2008,44
Argentina - urban,,2009,43
Argentina - urban,,2010,43
Argentina - urban,,2011,42
Argentina - urban,,2012,41
Argentina - urban,,2013,41
Argentina - urban,,2014,42
Argentina - urban,,2016,42
Argentina - urban,,2017,41
Argentina - urban,,2018,41
Argentina - urban,,2019,43
Argentina - urban,,2020,42
Armenia,ARM,1996,44
Armenia,ARM,1999,36
Armenia,ARM,2001,35
Armenia,ARM,2002,35
Armenia,ARM,2003,33
Armenia,ARM,2004,38
Armenia,ARM,2005,36
Armenia,ARM,2006,30
Armenia,ARM,2007,31
Armenia,ARM,2008,29
Armenia,ARM,2009,28
Armenia,ARM,2010,30
Armenia,ARM,2011,29
Armenia,ARM,2012,30
Armenia,ARM,2013,31
Armenia,ARM,2014,31
Armenia,ARM,2015,32
Armenia,ARM,2016,32
Armenia,ARM,2017,33
Armenia,ARM,2018,34
Armenia,ARM,2019,30
Armenia,ARM,2020,25
Australia,AUS,1981,31
Australia,AUS,1985,32
Australia,AUS,1989,33
Australia,AUS,1995,32
Australia,AUS,2001,33
Australia,AUS,2003,33
Australia,AUS,2004,33
Australia,AUS,2008,35
Australia,AUS,2010,34
Australia,AUS,2014,34
Australia,AUS,2016,33
Australia,AUS,2018,34
Austria,AUT,1987,23
Austria,AUT,1994,31
Austria,AUT,1995,31
Austria,AUT,1997,30
Austria,AUT,2000,28
Austria,AUT,2003,29
Austria,AUT,2004,29
Austria,AUT,2005,28
Austria,AUT,2006,29
Austria,AUT,2007,30
Austria,AUT,2008,30
Austria,AUT,2009,31
Austria,AUT,2010,30
Austria,AUT,2011,30
Austria,AUT,2012,30
Austria,AUT,2013,31
Austria,AUT,2014,31
Austria,AUT,2015,31
Austria,AUT,2016,31
Austria,AUT,2017,30
Austria,AUT,2018,31
Austria,AUT,2019,30
Azerbaijan,AZE,1995,34
Azerbaijan,AZE,2001,36
Azerbaijan,AZE,2002,25
Azerbaijan,AZE,2003,27
Azerbaijan,AZE,2004,27
Azerbaijan,AZE,2005,27
Bangladesh,BGD,1983,26
Bangladesh,BGD,1988,29
Bangladesh,BGD,1991,28
Bangladesh,BGD,1995,33
Bangladesh,BGD,2000,33
Bangladesh,BGD,2005,33
Bangladesh,BGD,2010,32
Bangladesh,BGD,2016,32
Belarus,BLR,1993,22
Belarus,BLR,1995,29
Belarus,BLR,1998,32
Belarus,BLR,1999,31
Belarus,BLR,2000,31
Belarus,BLR,2001,30
Belarus,BLR,2002,30
Belarus,BLR,2003,29
Belarus,BLR,2004,26
Belarus,BLR,2005,27
Belarus,BLR,2006,28
Belarus,BLR,2007,29
Belarus,BLR,2008,27
Belarus,BLR,2009,27
Belarus,BLR,2010,29
Belarus,BLR,2011,27
Belarus,BLR,2012,26
Belarus,BLR,2013,26
Belarus,BLR,2014,27
Belarus,BLR,2015,26
Belarus,BLR,2016,25
Belarus,BLR,2017,25
Belarus,BLR,2018,25
Belarus,BLR,2019,25
Belarus,BLR,2020,24
Belgium,BEL,1985,25
Belgium,BEL,1988,26
Belgium,BEL,1992,25
Belgium,BEL,1995,28
Belgium,BEL,1997,26
Belgium,BEL,2000,33
Belgium,BEL,2003,28
Belgium,BEL,2004,31
Belgium,BEL,2005,29
Belgium,BEL,2006,28
Belgium,BEL,2007,29
Belgium,BEL,2008,28
Belgium,BEL,2009,28
Belgium,BEL,2010,28
Belgium,BEL,2011,28
Belgium,BEL,2012,27
Belgium,BEL,2013,28
Belgium,BEL,2014,28
Belgium,BEL,2015,28
Belgium,BEL,2016,28
Belgium,BEL,2017,27
Belgium,BEL,2018,27
Belgium,BEL,2019,27
Belize,BLZ,1993,60
Belize,BLZ,1994,61
Belize,BLZ,1995,58
Belize,BLZ,1996,57
Belize,BLZ,1997,60
Belize,BLZ,1998,55
Belize,BLZ,1999,53
Benin,BEN,2003,39
Benin,BEN,2011,43
Benin,BEN,2015,47
Benin,BEN,2018,38
Bhutan,BTN,2003,41
Bhutan,BTN,2007,38
Bhutan,BTN,2012,39
Bhutan,BTN,2017,37
Bolivia,BOL,1997,58
Bolivia,BOL,1999,58
Bolivia,BOL,2000,62
Bolivia,BOL,2001,57
Bolivia,BOL,2002,59
Bolivia,BOL,2004,55
Bolivia,BOL,2005,58
Bolivia,BOL,2006,57
Bolivia,BOL,2007,54
Bolivia,BOL,2008,51
Bolivia,BOL,2009,49
Bolivia,BOL,2011,46
Bolivia,BOL,2012,47
Bolivia,BOL,2013,48
Bolivia,BOL,2014,48
Bolivia,BOL,2015,47
Bolivia,BOL,2016,45
Bolivia,BOL,2017,45
Bolivia,BOL,2018,43
Bolivia,BOL,2019,42
Bolivia,BOL,2020,44
Bolivia - urban,,1990,42
Bolivia - urban,,1992,49
Bosnia and Herzegovina,BIH,2001,30
Bosnia and Herzegovina,BIH,2004,34
Bosnia and Herzegovina,BIH,2007,33
Bosnia and Herzegovina,BIH,2011,33
Botswana,BWA,1985,54
Botswana,BWA,1993,60
Botswana,BWA,2002,64
Botswana,BWA,2009,60
Botswana,BWA,2015,53
Brazil,BRA,1981,57
Brazil,BRA,1982,58
Brazil,BRA,1983,59
Brazil,BRA,1984,58
Brazil,BRA,1985,56
Brazil,BRA,1986,58
Brazil,BRA,1987,59
Brazil,BRA,1988,61
Brazil,BRA,1989,63
Brazil,BRA,1990,60
Brazil,BRA,1992,53
Brazil,BRA,1993,60
Brazil,BRA,1995,60
Brazil,BRA,1996,60
Brazil,BRA,1997,60
Brazil,BRA,1998,60
Brazil,BRA,1999,59
Brazil,BRA,2001,58
Brazil,BRA,2002,58
Brazil,BRA,2003,57
Brazil,BRA,2004,56
Brazil,BRA,2005,56
Brazil,BRA,2006,55
Brazil,BRA,2007,54
Brazil,BRA,2008,54
Brazil,BRA,2009,54
Brazil,BRA,2011,53
Brazil,BRA,2012,53
Brazil,BRA,2013,53
Brazil,BRA,2014,52
Brazil,BRA,2015,52
Brazil,BRA,2016,53
Brazil,BRA,2017,53
Brazil,BRA,2018,54
Brazil,BRA,2019,53
Brazil,BRA,2020,49
Bulgaria,BGR,1989,23
Bulgaria,BGR,1992,31
Bulgaria,BGR,1994,24
Bulgaria,BGR,1995,33
Bulgaria,BGR,1997,26
Bulgaria,BGR,2001,33
Bulgaria,BGR,2003,29
Bulgaria,BGR,2006,36
Bulgaria,BGR,2007,28
Bulgaria,BGR,2008,33
Bulgaria,BGR,2009,33
Bulgaria,BGR,2010,35
Bulgaria,BGR,2011,34
Bulgaria,BGR,2012,36
Bulgaria,BGR,2013,37
Bulgaria,BGR,2014,37
Bulgaria,BGR,2015,39
Bulgaria,BGR,2016,41
Bulgaria,BGR,2017,40
Bulgaria,BGR,2018,41
Bulgaria,BGR,2019,40
Burkina Faso,BFA,1994,48
Burkina Faso,BFA,1998,49
Burkina Faso,BFA,2003,43
Burkina Faso,BFA,2009,40
Burkina Faso,BFA,2014,35
Burkina Faso,BFA,2018,47
Burundi,BDI,1992,33
Burundi,BDI,1998,42
Burundi,BDI,2006,33
Burundi,BDI,2013,38
Cameroon,CMR,1996,44
Cameroon,CMR,2001,42
Cameroon,CMR,2007,42
Cameroon,CMR,2014,47
Canada,CAN,1971,37
Canada,CAN,1975,33
Canada,CAN,1981,32
Canada,CAN,1987,31
Canada,CAN,1991,31
Canada,CAN,1994,31
Canada,CAN,1997,31
Canada,CAN,1998,33
Canada,CAN,2000,33
Canada,CAN,2004,33
Canada,CAN,2007,33
Canada,CAN,2010,33
Canada,CAN,2012,33
Canada,CAN,2013,33
Canada,CAN,2014,33
Canada,CAN,2015,33
Canada,CAN,2016,32
Canada,CAN,2017,33
Cape Verde,CPV,2001,52
Cape Verde,CPV,2007,47
Cape Verde,CPV,2015,42
Central African Republic,CAF,1992,61
Central African Republic,CAF,2008,56
Chad,TCD,2003,40
Chad,TCD,2011,43
Chad,TCD,2018,37
Chile,CHL,1987,56
Chile,CHL,1990,57
Chile,CHL,1992,55
Chile,CHL,1994,56
Chile,CHL,1996,55
Chile,CHL,1998,56
Chile,CHL,2000,53
Chile,CHL,2003,51
Chile,CHL,2006,47
Chile,CHL,2009,47
Chile,CHL,2011,46
Chile,CHL,2013,46
Chile,CHL,2015,44
Chile,CHL,2017,44
Chile,CHL,2020,44
China,CHN,1981,28
China,CHN,1984,27
China,CHN,1987,29
China,CHN,1990,32
China,CHN,1993,33
China,CHN,1996,35
China,CHN,1999,38
China,CHN,2002,42
China,CHN,2005,41
China,CHN,2008,43
China,CHN,2010,44
China,CHN,2011,42
China,CHN,2012,42
China,CHN,2013,39
China,CHN,2014,39
China,CHN,2015,38
China,CHN,2016,38
China,CHN,2017,39
China,CHN,2018,38
China,CHN,2019,38
China - rural,,1981,24
China - rural,,1984,26
China - rural,,1987,29
China - rural,,1990,30
China - rural,,1993,32
China - rural,,1996,33
China - rural,,1999,35
China - rural,,2002,38
China - rural,,2005,36
China - rural,,2008,39
China - rural,,2010,40
China - rural,,2011,38
China - rural,,2012,39
China - rural,,2013,33
China - rural,,2014,33
China - rural,,2015,33
China - rural,,2016,33
China - rural,,2017,34
China - rural,,2018,33
China - rural,,2019,32
China - urban,,1981,18
China - urban,,1984,17
China - urban,,1987,20
China - urban,,1990,25
China - urban,,1993,28
China - urban,,1996,29
China - urban,,1999,31
China - urban,,2002,33
China - urban,,2005,34
China - urban,,2008,35
China - urban,,2010,36
China - urban,,2011,36
China - urban,,2012,35
China - urban,,2013,36
China - urban,,2014,36
China - urban,,2015,36
China - urban,,2016,36
China - urban,,2017,36
China - urban,,2018,36
China - urban,,2019,37
Colombia,COL,1992,51
Colombia,COL,1996,57
Colombia,COL,1999,59
Colombia,COL,2000,59
Colombia,COL,2001,57
Colombia,COL,2002,56
Colombia,COL,2003,53
Colombia,COL,2004,54
Colombia,COL,2005,53
Colombia,COL,2008,55
Colombia,COL,2009,54
Colombia,COL,2010,55
Colombia,COL,2011,53
Colombia,COL,2012,52
Colombia,COL,2013,52
Colombia,COL,2014,52
Colombia,COL,2015,50
Colombia,COL,2016,50
Colombia,COL,2017,49
Colombia,COL,2018,50
Colombia,COL,2019,51
Colombia,COL,2020,54
Colombia - urban,,1980,59
Colombia - urban,,1988,53
Colombia - urban,,1989,54
Colombia - urban,,1991,51
Comoros,COM,2004,55
Comoros,COM,2014,45
Congo,COG,2005,47
Congo,COG,2011,49
Costa Rica,CRI,1981,47
Costa Rica,CRI,1986,34
Costa Rica,CRI,1989,46
Costa Rica,CRI,1990,45
Costa Rica,CRI,1991,47
Costa Rica,CRI,1992,46
Costa Rica,CRI,1993,46
Costa Rica,CRI,1994,47
Costa Rica,CRI,1995,46
Costa Rica,CRI,1996,47
Costa Rica,CRI,1997,46
Costa Rica,CRI,1998,46
Costa Rica,CRI,1999,48
Costa Rica,CRI,2000,48
Costa Rica,CRI,2001,52
Costa Rica,CRI,2002,52
Costa Rica,CRI,2003,49
Costa Rica,CRI,2004,48
Costa Rica,CRI,2005,47
Costa Rica,CRI,2006,49
Costa Rica,CRI,2007,49
Costa Rica,CRI,2008,48
Costa Rica,CRI,2009,51
Costa Rica,CRI,2010,48
Costa Rica,CRI,2011,49
Costa Rica,CRI,2012,48
Costa Rica,CRI,2013,49
Costa Rica,CRI,2014,48
Costa Rica,CRI,2015,48
Costa Rica,CRI,2016,48
Costa Rica,CRI,2017,48
Costa Rica,CRI,2018,47
Costa Rica,CRI,2019,48
Costa Rica,CRI,2020,49
Cote d'Ivoire,CIV,1985,46
Cote d'Ivoire,CIV,1986,38
Cote d'Ivoire,CIV,1987,41
Cote d'Ivoire,CIV,1988,37
Cote d'Ivoire,CIV,1992,39
Cote d'Ivoire,CIV,1995,41
Cote d'Ivoire,CIV,1998,39
Cote d'Ivoire,CIV,2002,41
Cote d'Ivoire,CIV,2008,43
Cote d'Ivoire,CIV,2015,41
Cote d'Ivoire,CIV,2018,37
Croatia,HRV,1998,29
Croatia,HRV,1999,28
Croatia,HRV,2000,31
Croatia,HRV,2001,31
Croatia,HRV,2004,30
Croatia,HRV,2008,34
Croatia,HRV,2009,33
Croatia,HRV,2010,27
Croatia,HRV,2011,32
Croatia,HRV,2012,32
Croatia,HRV,2013,32
Croatia,HRV,2014,32
Croatia,HRV,2015,31
Croatia,HRV,2016,31
Croatia,HRV,2017,30
Croatia,HRV,2018,29
Croatia,HRV,2019,29
Cyprus,CYP,2004,30
Cyprus,CYP,2005,30
Cyprus,CYP,2006,31
Cyprus,CYP,2007,31
Cyprus,CYP,2008,31
Cyprus,CYP,2009,32
Cyprus,CYP,2010,31
Cyprus,CYP,2011,32
Cyprus,CYP,2012,34
Cyprus,CYP,2013,37
Cyprus,CYP,2014,36
Cyprus,CYP,2015,34
Cyprus,CYP,2016,33
Cyprus,CYP,2017,31
Cyprus,CYP,2018,33
Cyprus,CYP,2019,31
Czechia,CZE,1992,21
Czechia,CZE,1993,27
Czechia,CZE,1996,26
Czechia,CZE,2002,27
Czechia,CZE,2004,28
Czechia,CZE,2005,27
Czechia,CZE,2006,27
Czechia,CZE,2007,26
Czechia,CZE,2008,26
Czechia,CZE,2009,26
Czechia,CZE,2010,27
Czechia,CZE,2011,26
Czechia,CZE,2012,26
Czechia,CZE,2013,26
Czechia,CZE,2014,26
Czechia,CZE,2015,26
Czechia,CZE,2016,25
Czechia,CZE,2017,25
Czechia,CZE,2018,25
Czechia,CZE,2019,25
Democratic Republic of Congo,COD,2004,42
Democratic Republic of Congo,COD,2012,42
Denmark,DNK,1987,26
Denmark,DNK,1992,24
Denmark,DNK,1995,22
Denmark,DNK,2000,23
Denmark,DNK,2003,25
Denmark,DNK,2004,24
Denmark,DNK,2005,25
Denmark,DNK,2006,26
Denmark,DNK,2007,26
Denmark,DNK,2008,25
Denmark,DNK,2009,27
Denmark,DNK,2010,27
Denmark,DNK,2011,27
Denmark,DNK,2012,28
Denmark,DNK,2013,29
Denmark,DNK,2014,28
Denmark,DNK,2015,28
Denmark,DNK,2016,28
Denmark,DNK,2017,29
Denmark,DNK,2018,28
Denmark,DNK,2019,28
Djibouti,DJI,2002,40
Djibouti,DJI,2012,45
Djibouti,DJI,2013,44
Djibouti,DJI,2017,42
Dominican Republic,DOM,1986,48
Dominican Republic,DOM,1989,50
Dominican Republic,DOM,1992,51
Dominican Republic,DOM,1996,47
Dominican Republic,DOM,1997,48
Dominican Republic,DOM,2000,51
Dominican Republic,DOM,2001,49
Dominican Republic,DOM,2002,49
Dominican Republic,DOM,2003,52
Dominican Republic,DOM,2004,52
Dominican Republic,DOM,2005,49
Dominican Republic,DOM,2006,51
Dominican Republic,DOM,2007,49
Dominican Republic,DOM,2008,48
Dominican Republic,DOM,2009,49
Dominican Republic,DOM,2010,47
Dominican Republic,DOM,2011,47
Dominican Republic,DOM,2012,46
Dominican Republic,DOM,2013,47
Dominican Republic,DOM,2014,44
Dominican Republic,DOM,2015,45
Dominican Republic,DOM,2016,46
Dominican Republic,DOM,2017,42
Dominican Republic,DOM,2018,44
Dominican Republic,DOM,2019,42
Dominican Republic,DOM,2020,40
East Timor,TLS,2001,36
East Timor,TLS,2007,28
East Timor,TLS,2014,29
Ecuador,ECU,1994,53
Ecuador,ECU,1999,58
Ecuador,ECU,2000,56
Ecuador,ECU,2003,53
Ecuador,ECU,2004,54
Ecuador,ECU,2005,53
Ecuador,ECU,2006,52
Ecuador,ECU,2007,54
Ecuador,ECU,2008,50
Ecuador,ECU,2009,49
Ecuador,ECU,2010,49
Ecuador,ECU,2011,46
Ecuador,ECU,2012,46
Ecuador,ECU,2013,47
Ecuador,ECU,2014,45
Ecuador,ECU,2015,46
Ecuador,ECU,2016,45
Ecuador,ECU,2017,45
Ecuador,ECU,2018,45
Ecuador,ECU,2019,46
Ecuador,ECU,2020,47
Egypt,EGY,1990,32
Egypt,EGY,1995,30
Egypt,EGY,1999,33
Egypt,EGY,2004,32
Egypt,EGY,2008,31
Egypt,EGY,2010,30
Egypt,EGY,2012,28
Egypt,EGY,2015,32
Egypt,EGY,2017,31
El Salvador,SLV,1991,54
El Salvador,SLV,1995,50
El Salvador,SLV,1996,51
El Salvador,SLV,1998,54
El Salvador,SLV,1999,52
El Salvador,SLV,2000,51
El Salvador,SLV,2001,51
El Salvador,SLV,2002,52
El Salvador,SLV,2003,50
El Salvador,SLV,2004,48
El Salvador,SLV,2005,48
El Salvador,SLV,2006,46
El Salvador,SLV,2007,45
El Salvador,SLV,2008,47
El Salvador,SLV,2009,46
El Salvador,SLV,2010,43
El Salvador,SLV,2011,42
El Salvador,SLV,2012,42
El Salvador,SLV,2013,43
El Salvador,SLV,2014,42
El Salvador,SLV,2015,41
El Salvador,SLV,2016,40
El Salvador,SLV,2017,38
El Salvador,SLV,2018,39
El Salvador,SLV,2019,39
Estonia,EST,1993,39
Estonia,EST,1995,30
Estonia,EST,1998,37
Estonia,EST,2000,35
Estonia,EST,2001,36
Estonia,EST,2002,35
Estonia,EST,2003,34
Estonia,EST,2004,35
Estonia,EST,2005,33
Estonia,EST,2006,33
Estonia,EST,2007,31
Estonia,EST,2008,31
Estonia,EST,2009,31
Estonia,EST,2010,32
Estonia,EST,2011,32
Estonia,EST,2012,32
Estonia,EST,2013,35
Estonia,EST,2014,34
Estonia,EST,2015,32
Estonia,EST,2016,31
Estonia,EST,2017,30
Estonia,EST,2018,30
Estonia,EST,2019,31
Eswatini,SWZ,1994,60
Eswatini,SWZ,2000,53
Eswatini,SWZ,2009,51
Eswatini,SWZ,2016,54
Ethiopia,ETH,1995,44
Ethiopia,ETH,1999,29
Ethiopia,ETH,2004,29
Ethiopia,ETH,2010,33
Ethiopia,ETH,2015,34
Ethiopia - rural,,1981,32
Fiji,FJI,2002,38
Fiji,FJI,2008,40
Fiji,FJI,2013,36
Fiji,FJI,2019,30
Finland,FIN,1987,22
Finland,FIN,1991,23
Finland,FIN,1995,23
Finland,FIN,2000,27
Finland,FIN,2003,27
Finland,FIN,2004,27
Finland,FIN,2005,27
Finland,FIN,2006,27
Finland,FIN,2007,28
Finland,FIN,2008,27
Finland,FIN,2009,27
Finland,FIN,2010,27
Finland,FIN,2011,27
Finland,FIN,2012,27
Finland,FIN,2013,27
Finland,FIN,2014,26
Finland,FIN,2015,27
Finland,FIN,2016,27
Finland,FIN,2017,27
Finland,FIN,2018,27
Finland,FIN,2019,27
France,FRA,1978,35
France,FRA,1984,36
France,FRA,1989,32
France,FRA,1994,32
France,FRA,2000,31
France,FRA,2003,31
France,FRA,2004,30
France,FRA,2005,29
France,FRA,2006,29
France,FRA,2007,32
France,FRA,2008,32
France,FRA,2009,32
France,FRA,2010,33
France,FRA,2011,33
France,FRA,2012,33
France,FRA,2013,32
France,FRA,2014,32
France,FRA,2015,32
France,FRA,2016,31
France,FRA,2017,31
France,FRA,2018,32
Gabon,GAB,2005,42
Gabon,GAB,2017,38
Gambia,GMB,1998,48
Gambia,GMB,2003,47
Gambia,GMB,2010,43
Gambia,GMB,2015,35
Georgia,GEO,1996,37
Georgia,GEO,1997,40
Georgia,GEO,1998,41
Georgia,GEO,1999,40
Georgia,GEO,2000,40
Georgia,GEO,2001,39
Georgia,GEO,2002,37
Georgia,GEO,2003,37
Georgia,GEO,2004,36
Georgia,GEO,2005,37
Georgia,GEO,2006,36
Georgia,GEO,2007,38
Georgia,GEO,2008,38
Georgia,GEO,2009,38
Georgia,GEO,2010,39
Georgia,GEO,2011,39
Georgia,GEO,2012,38
Georgia,GEO,2013,38
Georgia,GEO,2014,37
Georgia,GEO,2015,36
Georgia,GEO,2016,36
Georgia,GEO,2017,37
Georgia,GEO,2018,36
Georgia,GEO,2019,36
Georgia,GEO,2020,34
Germany,DEU,1991,29
Germany,DEU,1992,29
Germany,DEU,1993,29
Germany,DEU,1994,29
Germany,DEU,1995,29
Germany,DEU,1996,28
Germany,DEU,1997,28
Germany,DEU,1998,28
Germany,DEU,1999,29
Germany,DEU,2000,29
Germany,DEU,2001,30
Germany,DEU,2002,29
Germany,DEU,2003,30
Germany,DEU,2004,30
Germany,DEU,2005,31
Germany,DEU,2006,31
Germany,DEU,2007,31
Germany,DEU,2008,30
Germany,DEU,2009,30
Germany,DEU,2010,30
Germany,DEU,2011,30
Germany,DEU,2012,30
Germany,DEU,2013,31
Germany,DEU,2014,30
Germany,DEU,2015,31
Germany,DEU,2016,31
Germany,DEU,2017,31
Germany,DEU,2018,31
Ghana,GHA,1987,35
Ghana,GHA,1988,36
Ghana,GHA,1991,38
Ghana,GHA,1998,40
Ghana,GHA,2005,43
Ghana,GHA,2012,42
Ghana,GHA,2016,44
Greece,GRC,1995,37
Greece,GRC,2000,34
Greece,GRC,2003,33
Greece,GRC,2004,34
Greece,GRC,2005,35
Greece,GRC,2006,35
Greece,GRC,2007,34
Greece,GRC,2008,34
Greece,GRC,2009,34
Greece,GRC,2010,34
Greece,GRC,2011,35
Greece,GRC,2012,36
Greece,GRC,2013,36
Greece,GRC,2014,36
Greece,GRC,2015,36
Greece,GRC,2016,35
Greece,GRC,2017,34
Greece,GRC,2018,33
Greece,GRC,2019,33
Guatemala,GTM,1986,58
Guatemala,GTM,1989,60
Guatemala,GTM,2000,54
Guatemala,GTM,2006,55
Guatemala,GTM,2014,48
Guinea,GIN,1991,47
Guinea,GIN,1994,46
Guinea,GIN,2002,43
Guinea,GIN,2007,39
Guinea,GIN,2012,34
Guinea,GIN,2018,30
Guinea-Bissau,GNB,1993,44
Guinea-Bissau,GNB,2002,36
Guinea-Bissau,GNB,2010,51
Guinea-Bissau,GNB,2018,35
Guyana,GUY,1998,45
Haiti,HTI,2001,59
Haiti,HTI,2012,41
Honduras,HND,1989,59
Honduras,HND,1990,57
Honduras,HND,1991,52
Honduras,HND,1992,52
Honduras,HND,1993,53
Honduras,HND,1994,55
Honduras,HND,1995,55
Honduras,HND,1996,56
Honduras,HND,1997,53
Honduras,HND,1998,57
Honduras,HND,1999,55
Honduras,HND,2001,55
Honduras,HND,2002,56
Honduras,HND,2003,58
Honduras,HND,2004,58
Honduras,HND,2005,60
Honduras,HND,2006,58
Honduras,HND,2007,56
Honduras,HND,2008,55
Honduras,HND,2009,51
Honduras,HND,2010,53
Honduras,HND,2011,53
Honduras,HND,2012,53
Honduras,HND,2013,50
Honduras,HND,2014,50
Honduras,HND,2015,49
Honduras,HND,2016,50
Honduras,HND,2017,49
Honduras,HND,2018,49
Honduras,HND,2019,48
Honduras - urban,,1986,55
Hungary,HUN,1987,21
Hungary,HUN,1989,25
Hungary,HUN,1991,30
Hungary,HUN,1993,28
Hungary,HUN,1994,33
Hungary,HUN,1998,26
Hungary,HUN,1999,28
Hungary,HUN,2000,27
Hungary,HUN,2001,27
Hungary,HUN,2002,27
Hungary,HUN,2003,31
Hungary,HUN,2004,30
Hungary,HUN,2005,30
Hungary,HUN,2006,29
Hungary,HUN,2007,31
Hungary,HUN,2008,28
Hungary,HUN,2009,27
Hungary,HUN,2010,29
Hungary,HUN,2011,29
Hungary,HUN,2012,30
Hungary,HUN,2013,31
Hungary,HUN,2014,31
Hungary,HUN,2015,30
Hungary,HUN,2016,30
Hungary,HUN,2017,31
Hungary,HUN,2018,30
Hungary,HUN,2019,30
Iceland,ISL,2003,27
Iceland,ISL,2004,28
Iceland,ISL,2005,29
Iceland,ISL,2006,30
Iceland,ISL,2007,29
Iceland,ISL,2008,32
Iceland,ISL,2009,29
Iceland,ISL,2010,26
Iceland,ISL,2011,27
Iceland,ISL,2012,27
Iceland,ISL,2013,25
Iceland,ISL,2014,28
Iceland,ISL,2015,27
Iceland,ISL,2016,27
Iceland,ISL,2017,26
India,IND,1977,33
India,IND,1983,32
India,IND,1987,33
India,IND,1993,32
India,IND,2004,34
India,IND,2009,35
India,IND,2011,36
India,IND,2015,35
India,IND,2016,35
India,IND,2017,36
India,IND,2018,35
India,IND,2019,36
India - rural,,1977,34
India - rural,,1983,30
India - rural,,1987,30
India - rural,,1993,29
India - rural,,2004,30
India - rural,,2009,29
India - rural,,2011,31
India - rural,,2015,31
India - rural,,2016,31
India - rural,,2017,31
India - rural,,2018,31
India - rural,,2019,31
India - urban,,1977,36
India - urban,,1983,33
India - urban,,1987,36
India - urban,,1993,34
India - urban,,2004,38
India - urban,,2009,39
India - urban,,2011,39
India - urban,,2015,37
India - urban,,2016,38
India - urban,,2017,39
India - urban,,2018,36
India - urban,,2019,39
Indonesia,IDN,1984,33
Indonesia,IDN,1987,31
Indonesia,IDN,1990,32
Indonesia,IDN,1993,33
Indonesia,IDN,1996,35
Indonesia,IDN,1998,32
Indonesia,IDN,1999,32
Indonesia,IDN,2000,29
Indonesia,IDN,2001,30
Indonesia,IDN,2002,32
Indonesia,IDN,2003,33
Indonesia,IDN,2004,33
Indonesia,IDN,2005,34
Indonesia,IDN,2006,35
Indonesia,IDN,2007,37
Indonesia,IDN,2008,36
Indonesia,IDN,2009,36
Indonesia,IDN,2010,37
Indonesia,IDN,2011,40
Indonesia,IDN,2012,40
Indonesia,IDN,2013,41
Indonesia,IDN,2014,40
Indonesia,IDN,2015,40
Indonesia,IDN,2016,39
Indonesia,IDN,2017,39
Indonesia,IDN,2018,38
Indonesia,IDN,2019,37
Indonesia,IDN,2020,37
Indonesia,IDN,2021,38
Indonesia - rural,,1984,29
Indonesia - rural,,1987,27
Indonesia - rural,,1990,26
Indonesia - rural,,1993,26
Indonesia - rural,,1996,27
Indonesia - rural,,1998,25
Indonesia - rural,,1999,24
Indonesia - rural,,2000,24
Indonesia - rural,,2001,23
Indonesia - rural,,2002,25
Indonesia - rural,,2003,25
Indonesia - rural,,2004,26
Indonesia - rural,,2005,27
Indonesia - rural,,2006,28
Indonesia - rural,,2007,30
Indonesia - rural,,2008,29
Indonesia - rural,,2009,29
Indonesia - rural,,2010,31
Indonesia - rural,,2011,34
Indonesia - rural,,2012,33
Indonesia - rural,,2013,32
Indonesia - rural,,2014,32
Indonesia - rural,,2015,33
Indonesia - rural,,2016,33
Indonesia - rural,,2017,32
Indonesia - rural,,2018,32
Indonesia - rural,,2019,32
Indonesia - rural,,2020,32
Indonesia - rural,,2021,32
Indonesia - urban,,1984,33
Indonesia - urban,,1987,32
Indonesia - urban,,1990,34
Indonesia - urban,,1993,35
Indonesia - urban,,1996,37
Indonesia - urban,,1998,33
Indonesia - urban,,1999,35
Indonesia - urban,,2000,31
Indonesia - urban,,2001,31
Indonesia - urban,,2002,33
Indonesia - urban,,2003,33
Indonesia - urban,,2004,33
Indonesia - urban,,2005,34
Indonesia - urban,,2006,35
Indonesia - urban,,2007,37
Indonesia - urban,,2008,36
Indonesia - urban,,2009,37
Indonesia - urban,,2010,38
Indonesia - urban,,2011,42
Indonesia - urban,,2012,42
Indonesia - urban,,2013,43
Indonesia - urban,,2014,42
Indonesia - urban,,2015,42
Indonesia - urban,,2016,41
Indonesia - urban,,2017,41
Indonesia - urban,,2018,40
Indonesia - urban,,2019,39
Indonesia - urban,,2020,39
Indonesia - urban,,2021,40
Iran,IRN,1986,47
Iran,IRN,1990,43
Iran,IRN,1994,43
Iran,IRN,1998,44
Iran,IRN,2005,43
Iran,IRN,2006,44
Iran,IRN,2009,42
Iran,IRN,2013,37
Iran,IRN,2014,38
Iran,IRN,2015,39
Iran,IRN,2016,39
Iran,IRN,2017,40
Iran,IRN,2018,42
Iran,IRN,2019,41
Iraq,IRQ,2006,28
Iraq,IRQ,2012,29
Ireland,IRL,1987,0.3546620274587625
Ireland,IRL,1994,0.3691420457725674
Ireland,IRL,1995,0.3704509231863537
Ireland,IRL,1996,0.3562213543958548
Ireland,IRL,2000,0.3300520521927084
Ireland,IRL,2002,0.3229025635496046
Ireland,IRL,2003,0.3288762275619803
Ireland,IRL,2004,0.3360963782153348
Ireland,IRL,2005,0.3375401111290208
Ireland,IRL,2006,0.3272795513640367
Ireland,IRL,2007,0.3194677162297638
Ireland,IRL,2008,0.3090621834807562
Ireland,IRL,2009,0.3268254837009157
Ireland,IRL,2010,0.3229709527156235
Ireland,IRL,2011,0.3287469363129338
Ireland,IRL,2012,0.3322075173369488
Ireland,IRL,2013,0.3348919006514453
Ireland,IRL,2014,0.3187645250891104
Ireland,IRL,2015,0.3182153975328732
Ireland,IRL,2016,0.3280759842839694
Ireland,IRL,2017,0.3135980370255202
Ireland,IRL,2018,0.3060292684647587
Israel,ISR,1979,0.363299757619656
Israel,ISR,1986,0.3649053994677242
Israel,ISR,1992,0.3550725442974516
Israel,ISR,1997,0.3809710599845769
Israel,ISR,2001,0.3894766211110493
Israel,ISR,2002,0.3955942270542948
Israel,ISR,2003,0.4072257099910671
Israel,ISR,2004,0.4145630065727199
Israel,ISR,2005,0.4226762253608898
Israel,ISR,2006,0.4155532239062903
Israel,ISR,2007,0.4109863358913975
Israel,ISR,2008,0.4164267940947838
Israel,ISR,2009,0.4263395048024534
Israel,ISR,2010,0.4252702457835088
Israel,ISR,2011,0.4144416393744093
Israel,ISR,2012,0.4160959640672664
Israel,ISR,2013,0.4022482473992248
Israel,ISR,2014,0.3975748888618402
Israel,ISR,2015,0.3971952989384989
Israel,ISR,2016,0.3901301526892952
Israel,ISR,2017,0.3820206439128806
Israel,ISR,2018,0.3857717384665088
Italy,ITA,1986,0.3251640823575092
Italy,ITA,1987,0.3454697394005763
Italy,ITA,1989,0.3257331576650687
Italy,ITA,1991,0.3146832586649527
Italy,ITA,1993,0.3553788793076098
Italy,ITA,1995,0.3523806366236202
Italy,ITA,1998,0.3666078685636162
Italy,ITA,2000,0.3525280984423746
Italy,ITA,2003,0.3493130855082459
Italy,ITA,2004,0.3429511626302363
Italy,ITA,2005,0.3383360556237444
Italy,ITA,2006,0.3369739603399532
Italy,ITA,2007,0.3289073563667704
Italy,ITA,2008,0.3377010232366898
Italy,ITA,2009,0.3383577039072794
Italy,ITA,2010,0.3472130832471843
Italy,ITA,2011,0.3505721451796474
Italy,ITA,2012,0.3515561059221849
Italy,ITA,2013,0.3491184922890656
Italy,ITA,2014,0.3465732830402379
Italy,ITA,2015,0.3539743647773671
Italy,ITA,2016,0.352462496122166
Italy,ITA,2017,0.3592800094735345
Italy,ITA,2018,0.3522257062873518
Jamaica,JAM,1988,0.4315502497711246
Jamaica,JAM,1990,0.4111373537364199
Jamaica,JAM,1993,0.3567342174651031
Jamaica,JAM,1996,0.4039490228751146
Jamaica,JAM,1999,0.4408019870973196
Jamaica,JAM,2002,0.4831596261346
Jamaica,JAM,2004,0.4545747436622845

ChatGPT
Hier sind die Daten mit den Werten als ganze Zahlen:

Copy code
Ireland,IRL,1987,35
Ireland,IRL,1994,36
Ireland,IRL,1995,37
Ireland,IRL,1996,35
Ireland,IRL,2000,33
Ireland,IRL,2002,32
Ireland,IRL,2003,32
Ireland,IRL,2004,33
Ireland,IRL,2005,33
Ireland,IRL,2006,32
Ireland,IRL,2007,31
Ireland,IRL,2008,30
Ireland,IRL,2009,32
Ireland,IRL,2010,32
Ireland,IRL,2011,32
Ireland,IRL,2012,33
Ireland,IRL,2013,33
Ireland,IRL,2014,31
Ireland,IRL,2015,31
Ireland,IRL,2016,32
Ireland,IRL,2017,31
Ireland,IRL,2018,30
Israel,ISR,1979,36
Israel,ISR,1986,36
Israel,ISR,1992,35
Israel,ISR,1997,38
Israel,ISR,2001,38
Israel,ISR,2002,39
Israel,ISR,2003,40
Israel,ISR,2004,41
Israel,ISR,2005,42
Israel,ISR,2006,41
Israel,ISR,2007,41
Israel,ISR,2008,41
Israel,ISR,2009,42
Israel,ISR,2010,42
Israel,ISR,2011,41
Israel,ISR,2012,41
Israel,ISR,2013,40
Israel,ISR,2014,39
Israel,ISR,2015,39
Israel,ISR,2016,39
Israel,ISR,2017,38
Israel,ISR,2018,38
Italy,ITA,1986,32
Italy,ITA,1987,34
Italy,ITA,1989,32
Italy,ITA,1991,31
Italy,ITA,1993,35
Italy,ITA,1995,35
Italy,ITA,1998,37
Italy,ITA,2000,35
Italy,ITA,2003,34
Italy,ITA,2004,34
Italy,ITA,2005,33
Italy,ITA,2006,33
Italy,ITA,2007,32
Italy,ITA,2008,33
Italy,ITA,2009,33
Italy,ITA,2010,34
Italy,ITA,2011,35
Italy,ITA,2012,35
Italy,ITA,2013,35
Italy,ITA,2014,34
Italy,ITA,2015,35
Italy,ITA,2016,35
Italy,ITA,2017,36
Italy,ITA,2018,35
Jamaica,JAM,1988,43
Jamaica,JAM,1990,41
Jamaica,JAM,1993,36
Jamaica,JAM,1996,40
Jamaica,JAM,1999,44
Jamaica,JAM,2002,48
Jamaica,JAM,2004,45
Japan,JPN,2008,34
Japan,JPN,2010,32
Japan,JPN,2013,32
Jordan,JOR,1986,36
Jordan,JOR,1992,43
Jordan,JOR,1997,36
Jordan,JOR,2002,36
Jordan,JOR,2006,33
Jordan,JOR,2008,32
Jordan,JOR,2010,33
Kazakhstan,KAZ,1993,32
Kazakhstan,KAZ,1996,35
Kazakhstan,KAZ,2001,35
Kazakhstan,KAZ,2002,34
Kazakhstan,KAZ,2003,33
Kazakhstan,KAZ,2004,31
Kazakhstan,KAZ,2005,39
Kazakhstan,KAZ,2006,30
Kazakhstan,KAZ,2007,30
Kazakhstan,KAZ,2008,28
Kazakhstan,KAZ,2009,28
Kazakhstan,KAZ,2010,28
Kazakhstan,KAZ,2011,28
Kazakhstan,KAZ,2012,28
Kazakhstan,KAZ,2013,27
Kazakhstan,KAZ,2014,27
Kazakhstan,KAZ,2015,26
Kazakhstan,KAZ,2016,27
Kazakhstan,KAZ,2017,27
Kazakhstan,KAZ,2018,28
Kenya,KEN,1992,57
Kenya,KEN,1994,43
Kenya,KEN,1997,45
Kenya,KEN,2005,46
Kenya,KEN,2015,41
Kiribati,KIR,2006,37
Kiribati,KIR,2019,27
Kosovo,OWID_KOS,2003,28
Kosovo,OWID_KOS,2005,31
Kosovo,OWID_KOS,2006,30
Kosovo,OWID_KOS,2009,32
Kosovo,OWID_KOS,2010,33
Kosovo,OWID_KOS,2011,28
Kosovo,OWID_KOS,2012,29
Kosovo,OWID_KOS,2013,26
Kosovo,OWID_KOS,2014,27
Kosovo,OWID_KOS,2015,26
Kosovo,OWID_KOS,2016,27
Kosovo,OWID_KOS,2017,29
Kyrgyzstan,KGZ,1998,46
Kyrgyzstan,KGZ,2000,31
Kyrgyzstan,KGZ,2001,30
Kyrgyzstan,KGZ,2002,30
Kyrgyzstan,KGZ,2003,29
Kyrgyzstan,KGZ,2004,35
Kyrgyzstan,KGZ,2005,32
Kyrgyzstan,KGZ,2006,37
Kyrgyzstan,KGZ,2007,33
Kyrgyzstan,KGZ,2008,31
Kyrgyzstan,KGZ,2009,29
Kyrgyzstan,KGZ,2010,30
Kyrgyzstan,KGZ,2011,28
Kyrgyzstan,KGZ,2012,27
Kyrgyzstan,KGZ,2013,29
Kyrgyzstan,KGZ,2014,26
Kyrgyzstan,KGZ,2015,29
Kyrgyzstan,KGZ,2016,27
Kyrgyzstan,KGZ,2017,27
Kyrgyzstan,KGZ,2018,28
Kyrgyzstan,KGZ,2019,30
Kyrgyzstan,KGZ,2020,28
Laos,LAO,1992,34
Laos,LAO,1997,34
Laos,LAO,2002,32
Laos,LAO,2007,35
Laos,LAO,2012,36
Laos,LAO,2018,39
Latvia,LVA,1993,26
Latvia,LVA,1995,30
Latvia,LVA,1996,31
Latvia,LVA,1997,34
Latvia,LVA,1998,33
Latvia,LVA,2002,35
Latvia,LVA,2003,36
Latvia,LVA,2004,34
Latvia,LVA,2005,38
Latvia,LVA,2006,35
Latvia,LVA,2007,36
Latvia,LVA,2008,35
Latvia,LVA,2009,34
Latvia,LVA,2010,35
Latvia,LVA,2011,36
Latvia,LVA,2012,35
Latvia,LVA,2013,35
Latvia,LVA,2014,35
Latvia,LVA,2015,34
Latvia,LVA,2016,34
Latvia,LVA,2017,36
Latvia,LVA,2018,35
Latvia,LVA,2019,34
Lebanon,LBN,2011,31
Lesotho,LSO,1986,56
Lesotho,LSO,1994,63
Lesotho,LSO,2002,52
Lesotho,LSO,2017,45
Liberia,LBR,2007,36
Liberia,LBR,2014,33
Liberia,LBR,2016,35
Lithuania,LTU,1993,33
Lithuania,LTU,1996,32
Lithuania,LTU,1998,32
Lithuania,LTU,1999,32
Lithuania,LTU,2000,31
Lithuania,LTU,2001,32
Lithuania,LTU,2002,31
Lithuania,LTU,2003,35
Lithuania,LTU,2004,35
Lithuania,LTU,2005,35
Lithuania,LTU,2006,34
Lithuania,LTU,2007,34
Lithuania,LTU,2008,37
Lithuania,LTU,2009,37
Lithuania,LTU,2010,33
Lithuania,LTU,2011,32
Lithuania,LTU,2012,35
Lithuania,LTU,2013,35
Lithuania,LTU,2014,37
Lithuania,LTU,2015,37
Lithuania,LTU,2016,38
Lithuania,LTU,2017,37
Lithuania,LTU,2018,36
Lithuania,LTU,2019,35
Luxembourg,LUX,1985,27
Luxembourg,LUX,1991,27
Luxembourg,LUX,1994,27
Luxembourg,LUX,1997,30
Luxembourg,LUX,2000,30
Luxembourg,LUX,2003,30
Luxembourg,LUX,2004,30
Luxembourg,LUX,2005,30
Luxembourg,LUX,2006,30
Luxembourg,LUX,2007,31
Luxembourg,LUX,2008,32
Luxembourg,LUX,2009,31
Luxembourg,LUX,2010,30
Luxembourg,LUX,2011,32
Luxembourg,LUX,2012,34
Luxembourg,LUX,2013,32
Luxembourg,LUX,2014,31
Luxembourg,LUX,2015,32
Luxembourg,LUX,2016,31
Luxembourg,LUX,2017,34
Luxembourg,LUX,2018,35
Luxembourg,LUX,2019,34
Madagascar,MDG,1980,47
Madagascar,MDG,1993,45
Madagascar,MDG,1997,39
Madagascar,MDG,1999,38
Madagascar,MDG,2001,47
Madagascar,MDG,2005,39
Madagascar,MDG,2010,42
Madagascar,MDG,2012,42
Malawi,MWI,1997,65
Malawi,MWI,2004,39
Malawi,MWI,2010,45
Malawi,MWI,2016,44
Malawi,MWI,2019,38
Malaysia,MYS,1984,48
Malaysia,MYS,1987,47
Malaysia,MYS,1989,46
Malaysia,MYS,1992,47
Malaysia,MYS,1995,48
Malaysia,MYS,1997,49
Malaysia,MYS,2003,46
Malaysia,MYS,2006,44
Malaysia,MYS,2008,45
Malaysia,MYS,2011,43
Malaysia,MYS,2013,41
Malaysia,MYS,2015,41
Maldives,MDV,2002,41
Maldives,MDV,2009,38
Maldives,MDV,2016,31
Maldives,MDV,2019,29
Mali,MLI,1994,50
Mali,MLI,2001,39
Mali,MLI,2006,38
Mali,MLI,2009,33
Mali,MLI,2018,36
Malta,MLT,2006,28
Malta,MLT,2007,29
Malta,MLT,2008,28
Malta,MLT,2009,30
Malta,MLT,2010,29
Malta,MLT,2011,29
Malta,MLT,2012,29
Malta,MLT,2013,28
Malta,MLT,2014,29
Malta,MLT,2015,29
Malta,MLT,2016,29
Malta,MLT,2017,29
Malta,MLT,2018,28
Malta,MLT,2019,31
Marshall Islands,MHL,2019,35
Mauritania,MRT,1987,43
Mauritania,MRT,1993,50
Mauritania,MRT,1995,37
Mauritania,MRT,2000,39
Mauritania,MRT,2004,40
Mauritania,MRT,2008,36
Mauritania,MRT,2014,32
Mauritius,MUS,2006,35
Mauritius,MUS,2012,38
Mauritius,MUS,2017,36
Mexico,MEX,1984,48
Mexico,MEX,1989,51
Mexico,MEX,1992,53
Mexico,MEX,1994,53
Mexico,MEX,1996,54
Mexico,MEX,1998,52
Mexico,MEX,2000,53
Mexico,MEX,2002,50
Mexico,MEX,2004,50
Mexico,MEX,2005,50
Mexico,MEX,2006,48
Mexico,MEX,2008,49
Mexico,MEX,2010,47
Mexico,MEX,2012,48
Mexico,MEX,2014,48
Mexico,MEX,2016,47
Mexico,MEX,2018,46
Mexico,MEX,2020,45
Micronesia (country),FSM,2005,42
Micronesia (country),FSM,2013,40
Micronesia (country) - urban,,2000,63
Moldova,MDA,1997,36
Moldova,MDA,1998,39
Moldova,MDA,1999,42
Moldova,MDA,2000,36
Moldova,MDA,2001,37
Moldova,MDA,2002,35
Moldova,MDA,2003,34
Moldova,MDA,2004,35
Moldova,MDA,2005,36
Moldova,MDA,2006,35
Moldova,MDA,2007,34
Moldova,MDA,2008,34
Moldova,MDA,2009,32
Moldova,MDA,2010,32
Moldova,MDA,2011,30
Moldova,MDA,2012,29
Moldova,MDA,2013,28
Moldova,MDA,2014,26
Moldova,MDA,2015,27
Moldova,MDA,2016,26
Moldova,MDA,2017,26
Moldova,MDA,2018,26
Moldova,MDA,2019,26
Mongolia,MNG,1995,33
Mongolia,MNG,1998,30
Mongolia,MNG,2002,32
Mongolia,MNG,2007,35
Mongolia,MNG,2010,33
Mongolia,MNG,2011,33
Mongolia,MNG,2012,33
Mongolia,MNG,2014,32
Mongolia,MNG,2016,32
Mongolia,MNG,2018,33
Montenegro,MNE,2005,30
Montenegro,MNE,2006,30
Montenegro,MNE,2007,31
Montenegro,MNE,2008,30
Montenegro,MNE,2009,31
Montenegro,MNE,2010,28
Montenegro,MNE,2011,30
Montenegro,MNE,2012,32
Montenegro,MNE,2013,32
Montenegro,MNE,2014,31
Montenegro,MNE,2015,39
Montenegro,MNE,2016,38
Montenegro,MNE,2017,37
Montenegro,MNE,2018,37
Morocco,MAR,1984,39
Morocco,MAR,1990,39
Morocco,MAR,1998,39
Morocco,MAR,2000,41
Morocco,MAR,2006,41
Morocco,MAR,2013,39
Mozambique,MOZ,1996,54
Mozambique,MOZ,2002,47
Mozambique,MOZ,2008,46
Mozambique,MOZ,2014,54
Myanmar,MMR,2015,38
Myanmar,MMR,2017,31
Namibia,NAM,2003,63
Namibia,NAM,2009,61
Namibia,NAM,2015,59
Nauru,NRU,2012,34
Nepal,NPL,1984,30
Nepal,NPL,1995,35
Nepal,NPL,2003,43
Nepal,NPL,2010,32
Netherlands,NLD,1983,28
Netherlands,NLD,1987,26
Netherlands,NLD,1990,31
Netherlands,NLD,1993,30
Netherlands,NLD,1999,28
Netherlands,NLD,2004,29
Netherlands,NLD,2005,29
Netherlands,NLD,2006,30
Netherlands,NLD,2007,29
Netherlands,NLD,2008,29
Netherlands,NLD,2009,27
Netherlands,NLD,2010,27
Netherlands,NLD,2011,27
Netherlands,NLD,2012,27
Netherlands,NLD,2013,28
Netherlands,NLD,2014,28
Netherlands,NLD,2015,28
Netherlands,NLD,2016,28
Netherlands,NLD,2017,28
Netherlands,NLD,2018,28
Netherlands,NLD,2019,29
Nicaragua,NIC,1993,49
Nicaragua,NIC,1998,45
Nicaragua,NIC,2001,43
Nicaragua,NIC,2005,40
Nicaragua,NIC,2009,43
Nicaragua,NIC,2014,46
Niger,NER,1992,36
Niger,NER,1994,42
Niger,NER,2005,44
Niger,NER,2007,37
Niger,NER,2011,31
Niger,NER,2014,34
Niger,NER,2018,37
Nigeria,NGA,1985,39
Nigeria,NGA,1992,45
Nigeria,NGA,1996,51
Nigeria,NGA,2003,40
Nigeria,NGA,2010,36
Nigeria,NGA,2012,35
Nigeria,NGA,2015,36
Nigeria,NGA,2018,35
North Macedonia,MKD,1998,28
North Macedonia,MKD,2000,34
North Macedonia,MKD,2002,38
North Macedonia,MKD,2003,38
North Macedonia,MKD,2004,38
North Macedonia,MKD,2005,39
North Macedonia,MKD,2006,42
North Macedonia,MKD,2008,46
North Macedonia,MKD,2009,43
North Macedonia,MKD,2010,40
North Macedonia,MKD,2011,39
North Macedonia,MKD,2012,38
North Macedonia,MKD,2013,36
North Macedonia,MKD,2014,35
North Macedonia,MKD,2015,36
North Macedonia,MKD,2016,34
North Macedonia,MKD,2017,34
North Macedonia,MKD,2018,33
Norway,NOR,1979,27
Norway,NOR,1986,24
Norway,NOR,1991,25
Norway,NOR,1995,26
Norway,NOR,2000,27
Norway,NOR,2003,27
Norway,NOR,2004,31
Norway,NOR,2005,30
Norway,NOR,2006,26
Norway,NOR,2007,27
Norway,NOR,2008,26
Norway,NOR,2009,26
Norway,NOR,2010,25
Norway,NOR,2011,25
Norway,NOR,2012,25
Norway,NOR,2013,26
Norway,NOR,2014,27
Norway,NOR,2015,27
Norway,NOR,2016,28
Norway,NOR,2017,27
Norway,NOR,2018,27
Norway,NOR,2019,27
Pakistan,PAK,1987,33
Pakistan,PAK,1990,33
Pakistan,PAK,1996,29
Pakistan,PAK,1998,33
Pakistan,PAK,2001,29
Pakistan,PAK,2004,31
Pakistan,PAK,2005,31
Pakistan,PAK,2007,30
Pakistan,PAK,2010,29
Pakistan,PAK,2011,29
Pakistan,PAK,2013,29
Pakistan,PAK,2015,31
Pakistan,PAK,2018,29
Palestine,PSE,2004,34
Palestine,PSE,2005,35
Palestine,PSE,2006,34
Palestine,PSE,2007,36
Palestine,PSE,2009,34
Palestine,PSE,2010,35
Palestine,PSE,2011,34
Palestine,PSE,2016,34
Panama,PAN,1979,49
Panama,PAN,1989,59
Panama,PAN,1991,58
Panama,PAN,1995,58
Panama,PAN,1997,58
Panama,PAN,1998,57
Panama,PAN,1999,56
Panama,PAN,2000,56
Panama,PAN,2001,56
Panama,PAN,2002,56
Panama,PAN,2003,55
Panama,PAN,2004,54
Panama,PAN,2005,53
Panama,PAN,2006,54
Panama,PAN,2007,53
Panama,PAN,2008,53
Panama,PAN,2009,52
Panama,PAN,2010,52
Panama,PAN,2011,52
Panama,PAN,2012,52
Panama,PAN,2013,51
Panama,PAN,2014,50
Panama,PAN,2015,50
Panama,PAN,2016,50
Panama,PAN,2017,50
Panama,PAN,2018,49
Panama,PAN,2019,49
Papua New Guinea,PNG,1996,46
Papua New Guinea,PNG,2009,41
Paraguay,PRY,1990,41
Paraguay,PRY,1995,58
Paraguay,PRY,1997,54
Paraguay,PRY,1999,54
Paraguay,PRY,2001,54
Paraguay,PRY,2002,57
Paraguay,PRY,2003,54
Paraguay,PRY,2004,52
Paraguay,PRY,2005,51
Paraguay,PRY,2006,53
Paraguay,PRY,2007,53
Paraguay,PRY,2008,51
Paraguay,PRY,2009,49
Paraguay,PRY,2010,51
Paraguay,PRY,2011,52
Paraguay,PRY,2012,47
Paraguay,PRY,2013,48
Paraguay,PRY,2014,50
Paraguay,PRY,2015,47
Paraguay,PRY,2016,48
Paraguay,PRY,2017,49
Paraguay,PRY,2018,46
Paraguay,PRY,2019,46
Paraguay,PRY,2020,43
Peru,PER,1985,46
Peru,PER,1994,44
Peru,PER,1997,53
Peru,PER,1998,55
Peru,PER,1999,55
Peru,PER,2000,49
Peru,PER,2001,51
Peru,PER,2002,53
Peru,PER,2003,53
Peru,PER,2004,50
Peru,PER,2005,50
Peru,PER,2006,50
Peru,PER,2007,50
Peru,PER,2008,47
Peru,PER,2009,47
Peru,PER,2010,45
Peru,PER,2011,44
Peru,PER,2012,44
Peru,PER,2013,44
Peru,PER,2014,43
Peru,PER,2015,43
Peru,PER,2016,43
Peru,PER,2017,43
Peru,PER,2018,42
Peru,PER,2019,42
Peru,PER,2020,43
Philippines,PHL,1985,41
Philippines,PHL,1988,41
Philippines,PHL,1991,44
Philippines,PHL,1994,43
Philippines,PHL,1997,46
Philippines,PHL,2000,43
Philippines,PHL,2003,42
Philippines,PHL,2006,43
Philippines,PHL,2009,42
Philippines,PHL,2012,42
Philippines,PHL,2015,40
Philippines,PHL,2018,38
Poland,POL,1985,25
Poland,POL,1986,28
Poland,POL,1987,26
Poland,POL,1989,27
Poland,POL,1992,29
Poland,POL,1993,27
Poland,POL,1995,35
Poland,POL,1996,33
Poland,POL,1998,32
Poland,POL,1999,33
Poland,POL,2000,33
Poland,POL,2001,33
Poland,POL,2002,34
Poland,POL,2003,35
Poland,POL,2004,35
Poland,POL,2005,34
Poland,POL,2006,33
Poland,POL,2007,33
Poland,POL,2008,33
Poland,POL,2009,33
Poland,POL,2010,33
Poland,POL,2011,32
Poland,POL,2012,32
Poland,POL,2013,32
Poland,POL,2014,32
Poland,POL,2015,31
Poland,POL,2016,30
Poland,POL,2017,30
Poland,POL,2018,31
Poland,POL,2019,30
Portugal,PRT,2003,39
Portugal,PRT,2004,39
Portugal,PRT,2005,39
Portugal,PRT,2006,38
Portugal,PRT,2007,37
Portugal,PRT,2008,37
Portugal,PRT,2009,35
Portugal,PRT,2010,36
Portugal,PRT,2011,36
Portugal,PRT,2012,36
Portugal,PRT,2013,36
Portugal,PRT,2014,35
Portugal,PRT,2015,35
Portugal,PRT,2016,35
Portugal,PRT,2017,33
Portugal,PRT,2018,33
Portugal,PRT,2019,32
Romania,ROU,1989,23
Romania,ROU,1992,25
Romania,ROU,1994,28
Romania,ROU,1995,31
Romania,ROU,1997,30
Romania,ROU,1998,31
Romania,ROU,1999,29
Romania,ROU,2000,29
Romania,ROU,2001,29
Romania,ROU,2002,30
Romania,ROU,2003,30
Romania,ROU,2004,30
Romania,ROU,2005,30
Romania,ROU,2006,30
Romania,ROU,2007,30
Romania,ROU,2008,30
Romania,ROU,2009,28
Romania,ROU,2010,28
Romania,ROU,2011,27
Romania,ROU,2012,27
Romania,ROU,2013,27
Romania,ROU,2014,36
Romania,ROU,2015,36
Romania,ROU,2016,29
Romania,ROU,2017,36
Romania,ROU,2018,29
Romania,ROU,2019,35
Russia,RUS,1993,48
Russia,RUS,1996,46
Russia,RUS,1997,38
Russia,RUS,1998,38
Russia,RUS,1999,37
Russia,RUS,2000,37
Russia,RUS,2001,37
Russia,RUS,2002,37
Russia,RUS,2003,40
Russia,RUS,2004,40
Russia,RUS,2005,41
Russia,RUS,2006,41
Russia,RUS,2007,42
Russia,RUS,2008,42
Russia,RUS,2009,40
Russia,RUS,2010,40
Russia,RUS,2011,40
Russia,RUS,2012,41
Russia,RUS,2013,41
Russia,RUS,2014,40
Russia,RUS,2015,38
Russia,RUS,2016,37
Russia,RUS,2017,37
Russia,RUS,2018,37
Russia,RUS,2019,38
Russia,RUS,2020,36
Rwanda,RWA,2000,49
Rwanda,RWA,2005,52
Rwanda,RWA,2010,47
Rwanda,RWA,2013,45
Rwanda,RWA,2016,44
Rwanda - rural,,1984,29
Saint Lucia,LCA,1995,43
Saint Lucia,LCA,2016,51
Samoa,WSM,2002,41
Samoa,WSM,2008,42
Samoa,WSM,2013,39
Sao Tome and Principe,STP,2000,32
Sao Tome and Principe,STP,2010,31
Sao Tome and Principe,STP,2017,41
Senegal,SEN,1991,54
Senegal,SEN,1994,41
Senegal,SEN,2001,41
Senegal,SEN,2005,39
Senegal,SEN,2011,40
Senegal,SEN,2018,38
Serbia,SRB,2002,33
Serbia,SRB,2003,33
Serbia,SRB,2004,35
Serbia,SRB,2005,36
Serbia,SRB,2006,29
Serbia,SRB,2007,28
Serbia,SRB,2008,28
Serbia,SRB,2009,28
Serbia,SRB,2010,29
Serbia,SRB,2012,40
Serbia,SRB,2013,29
Serbia,SRB,2014,40
Serbia,SRB,2015,28
Serbia,SRB,2016,39
Serbia,SRB,2017,36
Serbia,SRB,2018,30
Serbia,SRB,2019,29
Seychelles,SYC,1999,43
Seychelles,SYC,2006,43
Seychelles,SYC,2013,47
Seychelles,SYC,2018,32
Sierra Leone,SLE,2003,40
Sierra Leone,SLE,2011,34
Sierra Leone,SLE,2018,36
Slovakia,SVK,1992,20
Slovakia,SVK,1996,26
Slovakia,SVK,2004,29
Slovakia,SVK,2005,30
Slovakia,SVK,2006,28
Slovakia,SVK,2007,28
Slovakia,SVK,2008,27
Slovakia,SVK,2009,26
Slovakia,SVK,2010,27
Slovakia,SVK,2011,26
Slovakia,SVK,2012,26
Slovakia,SVK,2013,28
Slovakia,SVK,2014,26
Slovakia,SVK,2015,26
Slovakia,SVK,2016,25
Slovakia,SVK,2017,23
Slovakia,SVK,2018,25
Slovakia,SVK,2019,23
Slovenia,SVN,1987,24
Slovenia,SVN,1993,29
Slovenia,SVN,1997,24
Slovenia,SVN,1998,28
Slovenia,SVN,1999,24
Slovenia,SVN,2002,29
Slovenia,SVN,2003,31
Slovenia,SVN,2004,25
Slovenia,SVN,2005,25
Slovenia,SVN,2006,24
Slovenia,SVN,2007,24
Slovenia,SVN,2008,23
Slovenia,SVN,2009,25
Slovenia,SVN,2010,25
Slovenia,SVN,2011,25
Slovenia,SVN,2012,26
Slovenia,SVN,2013,27
Slovenia,SVN,2014,26
Slovenia,SVN,2015,26
Slovenia,SVN,2016,25
Slovenia,SVN,2017,24
Slovenia,SVN,2018,25
Slovenia,SVN,2019,24
Solomon Islands,SLB,2005,46
Solomon Islands,SLB,2012,37
Somalia,SOM,2017,37
South Africa,ZAF,1993,59
South Africa,ZAF,2000,58
South Africa,ZAF,2005,65
South Africa,ZAF,2008,63
South Africa,ZAF,2010,63
South Africa,ZAF,2014,63
South Korea,KOR,2006,32
South Korea,KOR,2008,32
South Korea,KOR,2010,32
South Korea,KOR,2012,32
South Korea,KOR,2014,31
South Korea,KOR,2016,31
South Sudan,SSD,2009,46
South Sudan,SSD,2016,44
Spain,ESP,1980,34
Spain,ESP,1985,34
Spain,ESP,1990,32
Spain,ESP,1995,37
Spain,ESP,2000,34
Spain,ESP,2003,32
Spain,ESP,2004,33
Spain,ESP,2005,32
Spain,ESP,2006,33
Spain,ESP,2007,34
Spain,ESP,2008,34
Spain,ESP,2009,34
Spain,ESP,2010,35
Spain,ESP,2011,36
Spain,ESP,2012,35
Spain,ESP,2013,36
Spain,ESP,2014,36
Spain,ESP,2015,36
Spain,ESP,2016,36
Spain,ESP,2017,35
Spain,ESP,2018,35
Spain,ESP,2019,34
Sri Lanka,LKA,1985,32
Sri Lanka,LKA,1990,32
Sri Lanka,LKA,1995,35
Sri Lanka,LKA,2002,40
Sri Lanka,LKA,2006,40
Sri Lanka,LKA,2009,36
Sri Lanka,LKA,2012,39
Sri Lanka,LKA,2016,39
Sudan,SDN,2009,35
Sudan,SDN,2014,34
Suriname - urban,,1999,58
Sweden,SWE,1967,34
Sweden,SWE,1975,24
Sweden,SWE,1981,23
Sweden,SWE,1987,23
Sweden,SWE,1992,25
Sweden,SWE,1995,25
Sweden,SWE,2000,27
Sweden,SWE,2003,25
Sweden,SWE,2004,26
Sweden,SWE,2005,27
Sweden,SWE,2006,26
Sweden,SWE,2007,27
Sweden,SWE,2008,28
Sweden,SWE,2009,27
Sweden,SWE,2010,28
Sweden,SWE,2011,28
Sweden,SWE,2012,28
Sweden,SWE,2013,29
Sweden,SWE,2014,28
Sweden,SWE,2015,29
Sweden,SWE,2016,30
Sweden,SWE,2017,29
Sweden,SWE,2018,30
Sweden,SWE,2019,29
Switzerland,CHE,1982,36
Switzerland,CHE,1992,34
Switzerland,CHE,2000,33
Switzerland,CHE,2002,31
Switzerland,CHE,2006,33
Switzerland,CHE,2007,34
Switzerland,CHE,2008,33
Switzerland,CHE,2009,32
Switzerland,CHE,2010,32
Switzerland,CHE,2011,31
Switzerland,CHE,2012,31
Switzerland,CHE,2013,32
Switzerland,CHE,2014,32
Switzerland,CHE,2015,32
Switzerland,CHE,2016,33
Switzerland,CHE,2017,32
Switzerland,CHE,2018,33
Syria,SYR,1996,35
Syria,SYR,2003,37
Taiwan,TWN,1981,29
Taiwan,TWN,1986,29
Taiwan,TWN,1991,30
Taiwan,TWN,1995,31
Taiwan,TWN,1997,30
Taiwan,TWN,2000,31
Taiwan,TWN,2005,32
Taiwan,TWN,2007,32
Taiwan,TWN,2010,33
Taiwan,TWN,2013,32
Taiwan,TWN,2016,31
Tajikistan,TJK,1999,29
Tajikistan,TJK,2003,32
Tajikistan,TJK,2004,33
Tajikistan,TJK,2007,32
Tajikistan,TJK,2009,30
Tajikistan,TJK,2015,34
Tanzania,TZA,1991,35
Tanzania,TZA,2000,37
Tanzania,TZA,2007,40
Tanzania,TZA,2011,38
Tanzania,TZA,2018,40
Thailand,THA,1981,45
Thailand,THA,1988,43
Thailand,THA,1990,45
Thailand,THA,1992,47
Thailand,THA,1994,43
Thailand,THA,1996,43
Thailand,THA,1998,41
Thailand,THA,1999,43
Thailand,THA,2000,43
Thailand,THA,2002,42
Thailand,THA,2004,43
Thailand,THA,2006,42
Thailand,THA,2007,40
Thailand,THA,2008,40
Thailand,THA,2009,39
Thailand,THA,2010,39
Thailand,THA,2011,37
Thailand,THA,2012,39
Thailand,THA,2013,38
Thailand,THA,2014,37
Thailand,THA,2015,36
Thailand,THA,2016,37
Thailand,THA,2017,36
Thailand,THA,2018,36
Thailand,THA,2019,34
Thailand,THA,2020,35
Togo,TGO,2006,42
Togo,TGO,2011,46
Togo,TGO,2015,43
Togo,TGO,2018,42
Tonga,TON,2000,38
Tonga,TON,2009,37
Tonga,TON,2015,38
Trinidad and Tobago,TTO,1988,42
Trinidad and Tobago,TTO,1992,40
Tunisia,TUN,1985,43
Tunisia,TUN,1990,40
Tunisia,TUN,1995,41
Tunisia,TUN,2000,41
Tunisia,TUN,2005,38
Tunisia,TUN,2010,36
Tunisia,TUN,2015,33
Turkey,TUR,1987,43
Turkey,TUR,1994,41
Turkey,TUR,2002,41
Turkey,TUR,2003,42
Turkey,TUR,2004,41
Turkey,TUR,2005,42
Turkey,TUR,2006,39
Turkey,TUR,2007,38
Turkey,TUR,2008,39
Turkey,TUR,2009,39
Turkey,TUR,2010,39
Turkey,TUR,2011,40
Turkey,TUR,2012,40
Turkey,TUR,2013,40
Turkey,TUR,2014,41
Turkey,TUR,2015,43
Turkey,TUR,2016,42
Turkey,TUR,2017,41
Turkey,TUR,2018,42
Turkey,TUR,2019,42
Turkmenistan,TKM,1998,41
Tuvalu,TUV,2010,39
Uganda,UGA,1989,44
Uganda,UGA,1992,41
Uganda,UGA,1996,39
Uganda,UGA,1999,43
Uganda,UGA,2002,45
Uganda,UGA,2005,43
Uganda,UGA,2009,44
Uganda,UGA,2012,41
Uganda,UGA,2016,43
Uganda,UGA,2019,43
Ukraine,UKR,1992,30
Ukraine,UKR,1993,29
Ukraine,UKR,1995,39
Ukraine,UKR,1996,35
Ukraine,UKR,1999,29
Ukraine,UKR,2002,29
Ukraine,UKR,2003,29
Ukraine,UKR,2004,29
Ukraine,UKR,2005,29
Ukraine,UKR,2006,30
Ukraine,UKR,2007,27
Ukraine,UKR,2008,27
Ukraine,UKR,2009,25
Ukraine,UKR,2010,25
Ukraine,UKR,2011,25
Ukraine,UKR,2012,25
Ukraine,UKR,2013,25
Ukraine,UKR,2014,24
Ukraine,UKR,2015,25
Ukraine,UKR,2016,25
Ukraine,UKR,2017,26
Ukraine,UKR,2018,26
Ukraine,UKR,2019,27
Ukraine,UKR,2020,26
United Arab Emirates,ARE,2013,32
United Kingdom,GBR,1969,33
United Kingdom,GBR,1974,30
United Kingdom,GBR,1979,28
United Kingdom,GBR,1986,32
United Kingdom,GBR,1991,36
United Kingdom,GBR,1994,36
United Kingdom,GBR,1995,35
United Kingdom,GBR,1996,35
United Kingdom,GBR,1997,35
United Kingdom,GBR,1998,36
United Kingdom,GBR,1999,37
United Kingdom,GBR,2000,40
United Kingdom,GBR,2001,38
United Kingdom,GBR,2002,36
United Kingdom,GBR,2003,35
United Kingdom,GBR,2004,36
United Kingdom,GBR,2005,34
United Kingdom,GBR,2006,34
United Kingdom,GBR,2007,35
United Kingdom,GBR,2008,34
United Kingdom,GBR,2009,34
United Kingdom,GBR,2010,34
United Kingdom,GBR,2011,33
United Kingdom,GBR,2012,32
United Kingdom,GBR,2013,33
United Kingdom,GBR,2014,34
United Kingdom,GBR,2015,33
United Kingdom,GBR,2016,35
United Kingdom,GBR,2017,35
United States,USA,1974,35
United States,USA,1979,34
United States,USA,1986,37
United States,USA,1991,38
United States,USA,1992,38
United States,USA,1993,40
United States,USA,1994,40
United States,USA,1995,40
United States,USA,1996,40
United States,USA,1997,40
United States,USA,1998,40
United States,USA,1999,40
United States,USA,2000,40
United States,USA,2001,41
United States,USA,2002,40
United States,USA,2003,40
United States,USA,2004,40
United States,USA,2005,41
United States,USA,2006,41
United States,USA,2007,40
United States,USA,2008,40
United States,USA,2009,40
United States,USA,2010,40
United States,USA,2011,41
United States,USA,2012,41
United States,USA,2013,40
United States,USA,2014,42
United States,USA,2015,41
United States,USA,2016,41
United States,USA,2017,41
United States,USA,2018,42
United States,USA,2019,42
Uruguay,URY,2006,46
Uruguay,URY,2007,46
Uruguay,URY,2008,45
Uruguay,URY,2009,45
Uruguay,URY,2010,44
Uruguay,URY,2011,42
Uruguay,URY,2012,39
Uruguay,URY,2013,40
Uruguay,URY,2014,40
Uruguay,URY,2015,40
Uruguay,URY,2016,40
Uruguay,URY,2017,39
Uruguay,URY,2018,40
Uruguay,URY,2019,40
Uruguay,URY,2020,40
Uruguay - urban,,1981,43
Uruguay - urban,,1989,42
Uruguay - urban,,1992,41
Uruguay - urban,,1995,41
Uruguay - urban,,1996,41
Uruguay - urban,,1997,41
Uruguay - urban,,1998,42
Uruguay - urban,,2000,43
Uruguay - urban,,2001,45
Uruguay - urban,,2002,45
Uruguay - urban,,2003,45
Uruguay - urban,,2004,46
Uruguay - urban,,2005,45
Uzbekistan,UZB,1998,45
Uzbekistan,UZB,2000,36
Uzbekistan,UZB,2002,33
Uzbekistan,UZB,2003,35
Vanuatu,VUT,2010,37
Vanuatu,VUT,2019,32
Venezuela,VEN,1981,56
Venezuela,VEN,1987,53
Venezuela,VEN,1989,44
Venezuela,VEN,1992,42
Venezuela,VEN,1995,47
Venezuela,VEN,1998,48
Venezuela,VEN,1999,48
Venezuela,VEN,2001,47
Venezuela,VEN,2002,49
Venezuela,VEN,2003,48
Venezuela,VEN,2004,48
Venezuela,VEN,2005,49
Venezuela,VEN,2006,45
Vietnam,VNM,1992,36
Vietnam,VNM,1997,35
Vietnam,VNM,2002,37
Vietnam,VNM,2004,37
Vietnam,VNM,2006,36
Vietnam,VNM,2008,36
Vietnam,VNM,2010,39
Vietnam,VNM,2012,36
Vietnam,VNM,2014,35
Vietnam,VNM,2016,36
Vietnam,VNM,2018,36
Yemen,YEM,1998,35
Yemen,YEM,2005,35
Yemen,YEM,2014,36
Zambia,ZMB,1991,61
Zambia,ZMB,1993,53
Zambia,ZMB,1996,48
Zambia,ZMB,1998,49
Zambia,ZMB,2002,42
Zambia,ZMB,2004,54
Zambia,ZMB,2006,54
Zambia,ZMB,2010,55
Zambia,ZMB,2015,57
Zimbabwe,ZWE,2011,43
Zimbabwe,ZWE,2017,44
Zimbabwe,ZWE,2019,50